2026-05-22 19:30:51,976 [INFO] pipeline: Initializing database...
2026-05-22 19:30:51,976 [INFO] db: Database initialized successfully.
2026-05-22 19:30:51,976 [INFO] pipeline: Launching browser (headless=True, slow_mo=150ms)...
2026-05-22 19:30:54,543 [INFO] pipeline: Currently stored bids in database: 0
2026-05-22 19:30:54,543 [INFO] pipeline: Starting Listing Scraper phase...
2026-05-22 19:30:54,543 [INFO] listing: Applying Awarded filter...
2026-05-22 19:30:59,728 [INFO] listing: Checked Bid/RA Status via: label:has-text('Bid/RA Status') input[type='checkbox']
2026-05-22 19:31:01,403 [INFO] listing: Checked Awarded via: label:has-text('Awarded') input[type='checkbox']
2026-05-22 19:31:03,406 [INFO] listing: Filter applied.
2026-05-22 19:31:03,406 [INFO] listing: Scraping listing page 1 | collected=0
2026-05-22 19:31:03,416 [WARNING] listing: No cards found via selectors — falling back to text search
2026-05-22 19:31:03,421 [INFO] listing:   → 0 bids on this page
2026-05-22 19:31:05,101 [INFO] listing: Scraping listing page 2 | collected=0
2026-05-22 19:31:05,109 [WARNING] listing: No cards found via selectors — falling back to text search
2026-05-22 19:31:05,113 [INFO] listing:   → 0 bids on this page
2026-05-22 19:31:06,787 [INFO] listing: Scraping listing page 3 | collected=0
2026-05-22 19:31:06,795 [WARNING] listing: No cards found via selectors — falling back to text search
2026-05-22 19:31:06,799 [INFO] listing:   → 0 bids on this page
2026-05-22 19:31:08,471 [INFO] listing: Scraping listing page 4 | collected=0
2026-05-22 19:31:08,482 [WARNING] listing: No cards found via selectors — falling back to text search
2026-05-22 19:31:08,488 [INFO] listing:   → 0 bids on this page
2026-05-22 19:31:10,168 [INFO] listing: Scraping listing page 5 | collected=0
2026-05-22 19:31:10,176 [WARNING] listing: No cards found via selectors — falling back to text search
2026-05-22 19:31:10,181 [INFO] listing:   → 0 bids on this page
2026-05-22 19:43:57,173 [INFO] pipeline: Initializing database...
2026-05-22 19:43:57,173 [INFO] db: Database initialized successfully.
2026-05-22 19:43:57,173 [INFO] pipeline: Launching browser (headless=True, slow_mo=150ms)...
2026-05-22 19:43:57,968 [INFO] pipeline: Currently stored bids in database: 0
2026-05-22 19:43:57,968 [INFO] pipeline: Starting Listing Scraper phase...
2026-05-22 19:43:57,968 [INFO] listing: Applying Awarded filter...
2026-05-22 19:44:02,533 [INFO] listing: Clicked #bidrastatus via JS
2026-05-22 19:44:04,549 [INFO] listing: Clicked #bid_awarded via JS
2026-05-22 19:44:09,554 [INFO] listing: Filter applied successfully.
2026-05-22 19:44:09,554 [INFO] listing: Scraping listing page 1 | collected=0
2026-05-22 19:44:09,570 [INFO] listing: Found 10 cards via 'div#bidCard div.card'
2026-05-22 19:44:09,734 [INFO] listing:   → 10 bids on this page
2026-05-22 19:44:11,470 [INFO] listing: Scraping listing page 2 | collected=10
2026-05-22 19:44:11,482 [INFO] listing: Found 10 cards via 'div#bidCard div.card'
2026-05-22 19:44:11,614 [INFO] listing:   → 10 bids on this page
2026-05-22 19:44:13,345 [INFO] listing: Scraping listing page 3 | collected=20
2026-05-22 19:44:13,358 [INFO] listing: Found 10 cards via 'div#bidCard div.card'
2026-05-22 19:44:13,517 [INFO] listing:   → 10 bids on this page
2026-05-22 19:44:13,524 [INFO] listing: Listing done. Total: 30 bids.
2026-05-22 19:44:13,524 [INFO] pipeline: Listing Scraper phase finished. Scraped 30 bids on this run.
2026-05-22 19:44:13,524 [INFO] pipeline: Bids pending detailed extraction: 30
2026-05-22 19:44:13,524 [INFO] pipeline: Starting Drilldown Scraper phase for 30 bids...
2026-05-22 19:44:13,524 [INFO] drilldown: [1/30] Processing GEM/2025/B/6840345
2026-05-22 19:44:13,524 [INFO] drilldown: Drilling details for bid: GEM/2025/B/6840345
2026-05-22 19:44:13,525 [INFO] drilldown: Navigating to direct result URL: https://bidplus.gem.gov.in/bidding/bid/getBidResultView/8530374
2026-05-22 19:44:16,302 [INFO] drilldown: Parsing page tables... found 1 tables
2026-05-22 19:44:16,313 [INFO] drilldown: Parsing Single-Packet Layout table...
2026-05-22 19:44:16,476 [INFO] drilldown:   ✓ GEM/2025/B/6840345 | winner= | vendors=13
2026-05-22 19:44:17,477 [INFO] drilldown: [2/30] Processing GEM/2026/B/7558891
2026-05-22 19:44:17,477 [INFO] drilldown: Drilling details for bid: GEM/2026/B/7558891
2026-05-22 19:44:17,477 [INFO] drilldown: Navigating to direct result URL: https://bidplus.gem.gov.in/bidding/bid/getBidResultView/9350346
2026-05-22 19:44:21,056 [ERROR] drilldown: Drilldown failed for GEM/2026/B/7558891: Page.query_selector_all: Execution context was destroyed, most likely because of a navigation
2026-05-22 19:44:22,059 [INFO] drilldown: [3/30] Processing GEM/2026/B/7480328
2026-05-22 19:44:22,059 [INFO] drilldown: Drilling details for bid: GEM/2026/B/7480328
2026-05-22 19:44:22,059 [INFO] drilldown: Navigating to direct result URL: https://bidplus.gem.gov.in/bidding/bid/getSinglePacketResultView/9263102
2026-05-22 19:44:24,741 [INFO] drilldown: Parsing page tables... found 1 tables
2026-05-22 19:44:24,750 [INFO] drilldown: Parsing Single-Packet Layout table...
2026-05-22 19:44:24,771 [INFO] drilldown:   ✓ GEM/2026/B/7480328 | winner=GEMINI POWER HYDRAULICS PRIVATE LIMITED | vendors=1
2026-05-22 19:44:25,772 [INFO] drilldown: [4/30] Processing GEM/2026/B/7399330
2026-05-22 19:44:25,772 [INFO] drilldown: Drilling details for bid: GEM/2026/B/7399330
2026-05-22 19:44:25,772 [INFO] drilldown: Navigating to direct result URL: https://bidplus.gem.gov.in/bidding/bid/getBidResultView/9172154
2026-05-22 19:44:28,459 [INFO] drilldown: Parsing page tables... found 1 tables
2026-05-22 19:44:28,469 [INFO] drilldown: Parsing Single-Packet Layout table...
2026-05-22 19:44:28,524 [INFO] drilldown:   ✓ GEM/2026/B/7399330 | winner= | vendors=2
2026-05-22 19:44:29,526 [INFO] drilldown: [5/30] Processing GEM/2026/B/7529759
2026-05-22 19:44:29,526 [INFO] drilldown: Drilling details for bid: GEM/2026/B/7529759
2026-05-22 19:44:29,526 [INFO] drilldown: Navigating to direct result URL: https://bidplus.gem.gov.in/bidding/bid/getBidResultView/9318131
2026-05-22 19:44:32,121 [INFO] drilldown: Parsing page tables... found 2 tables
2026-05-22 19:44:32,138 [INFO] drilldown: Parsing Double-Packet Layout tables...
2026-05-22 19:44:32,229 [INFO] drilldown:   ✓ GEM/2026/B/7529759 | winner=VASU ENTERPRISE | vendors=3
2026-05-22 19:44:33,230 [INFO] drilldown: [6/30] Processing GEM/2026/B/7525406
2026-05-22 19:44:33,230 [INFO] drilldown: Drilling details for bid: GEM/2026/B/7525406
2026-05-22 19:44:33,230 [INFO] drilldown: Navigating to direct result URL: https://bidplus.gem.gov.in/bidding/bid/getBidResultView/9313286
2026-05-22 19:44:35,819 [INFO] drilldown: Parsing page tables... found 2 tables
2026-05-22 19:44:35,839 [INFO] drilldown: Parsing Double-Packet Layout tables...
2026-05-22 19:44:35,910 [INFO] drilldown:   ✓ GEM/2026/B/7525406 | winner=POOJA ENTERPRISES | vendors=3
2026-05-22 19:44:36,910 [INFO] drilldown: [7/30] Processing GEM/2026/B/7383212
2026-05-22 19:44:36,911 [INFO] drilldown: Drilling details for bid: GEM/2026/B/7383212
2026-05-22 19:44:36,911 [INFO] drilldown: Navigating to direct result URL: https://bidplus.gem.gov.in/bidding/bid/getBidResultView/9153399
2026-05-22 19:44:39,581 [INFO] drilldown: Parsing page tables... found 1 tables
2026-05-22 19:44:39,591 [INFO] drilldown: Parsing Single-Packet Layout table...
2026-05-22 19:44:39,699 [INFO] drilldown:   ✓ GEM/2026/B/7383212 | winner= | vendors=9
2026-05-22 19:44:40,700 [INFO] drilldown: [8/30] Processing GEM/2026/B/7557312
2026-05-22 19:44:40,701 [INFO] drilldown: Drilling details for bid: GEM/2026/B/7557312
2026-05-22 19:44:40,701 [INFO] drilldown: Navigating to direct result URL: https://bidplus.gem.gov.in/bidding/bid/getSinglePacketResultView/9348604
2026-05-22 19:44:43,306 [INFO] drilldown: Parsing page tables... found 0 tables
2026-05-22 19:44:43,306 [INFO] drilldown: Parsing Double-Packet Layout tables...
2026-05-22 19:44:43,313 [INFO] drilldown:   ✓ GEM/2026/B/7557312 | winner= | vendors=0
2026-05-22 19:44:44,314 [INFO] drilldown: [9/30] Processing GEM/2026/B/7529503
2026-05-22 19:44:44,315 [INFO] drilldown: Drilling details for bid: GEM/2026/B/7529503
2026-05-22 19:44:44,315 [INFO] drilldown: Navigating to direct result URL: https://bidplus.gem.gov.in/bidding/bid/getBidResultView/9317851
2026-05-22 19:44:46,977 [INFO] drilldown: Parsing page tables... found 2 tables
2026-05-22 19:44:47,007 [INFO] drilldown: Parsing Double-Packet Layout tables...
2026-05-22 19:44:47,085 [INFO] drilldown:   ✓ GEM/2026/B/7529503 | winner=SWATI ENTERPRISE | vendors=3
2026-05-22 19:44:48,086 [INFO] drilldown: [10/30] Processing GEM/2026/B/7529468
2026-05-22 19:44:48,086 [INFO] drilldown: Drilling details for bid: GEM/2026/B/7529468
2026-05-22 19:44:48,086 [INFO] drilldown: Navigating to direct result URL: https://bidplus.gem.gov.in/bidding/bid/getSinglePacketResultView/9317813
2026-05-22 19:44:50,706 [INFO] drilldown: Parsing page tables... found 0 tables
2026-05-22 19:44:50,706 [INFO] drilldown: Parsing Double-Packet Layout tables...
2026-05-22 19:44:50,713 [INFO] drilldown:   ✓ GEM/2026/B/7529468 | winner= | vendors=0
2026-05-22 19:44:51,714 [INFO] drilldown: [11/30] Processing GEM/2026/B/7528194
2026-05-22 19:44:51,714 [INFO] drilldown: Drilling details for bid: GEM/2026/B/7528194
2026-05-22 19:44:51,714 [INFO] drilldown: Navigating to direct result URL: https://bidplus.gem.gov.in/bidding/bid/getSinglePacketResultView/9316425
2026-05-22 19:44:54,483 [ERROR] drilldown: Drilldown failed for GEM/2026/B/7528194: Page.query_selector_all: Execution context was destroyed, most likely because of a navigation
2026-05-22 19:44:55,490 [INFO] drilldown: [12/30] Processing GEM/2026/B/7382284
2026-05-22 19:44:55,490 [INFO] drilldown: Drilling details for bid: GEM/2026/B/7382284
2026-05-22 19:44:55,490 [INFO] drilldown: Navigating to direct result URL: https://bidplus.gem.gov.in/bidding/bid/getBidResultView/9152205
2026-05-22 19:44:58,165 [INFO] drilldown: Parsing page tables... found 0 tables
2026-05-22 19:44:58,165 [INFO] drilldown: Parsing Double-Packet Layout tables...
2026-05-22 19:44:58,168 [INFO] drilldown:   ✓ GEM/2026/B/7382284 | winner= | vendors=0
2026-05-22 19:44:59,170 [INFO] drilldown: [13/30] Processing GEM/2026/B/7484220
2026-05-22 19:44:59,170 [INFO] drilldown: Drilling details for bid: GEM/2026/B/7484220
2026-05-22 19:44:59,170 [INFO] drilldown: Navigating to direct result URL: https://bidplus.gem.gov.in/bidding/bid/getBidResultView/9267427
2026-05-22 19:45:02,296 [INFO] drilldown: Parsing page tables... found 0 tables
2026-05-22 19:45:02,296 [INFO] drilldown: Parsing Double-Packet Layout tables...
2026-05-22 19:45:02,300 [INFO] drilldown:   ✓ GEM/2026/B/7484220 | winner= | vendors=0
2026-05-22 19:45:03,301 [INFO] drilldown: [14/30] Processing GEM/2026/B/7557970
2026-05-22 19:45:03,302 [INFO] drilldown: Drilling details for bid: GEM/2026/B/7557970
2026-05-22 19:45:03,302 [INFO] drilldown: Navigating to direct result URL: https://bidplus.gem.gov.in/bidding/bid/getBidResultView/9349340
2026-05-22 19:45:05,984 [INFO] drilldown: Parsing page tables... found 2 tables
2026-05-22 19:45:06,006 [INFO] drilldown: Parsing Double-Packet Layout tables...
2026-05-22 19:45:06,071 [INFO] drilldown:   ✓ GEM/2026/B/7557970 | winner=MOHIT TRAVELS | vendors=3
2026-05-22 19:45:07,072 [INFO] drilldown: [15/30] Processing GEM/2026/B/7544333
2026-05-22 19:45:07,072 [INFO] drilldown: Drilling details for bid: GEM/2026/B/7544333
2026-05-22 19:45:07,072 [INFO] drilldown: Navigating to direct result URL: https://bidplus.gem.gov.in/bidding/bid/getBidResultView/9333995
2026-05-22 19:45:09,673 [INFO] drilldown: Parsing page tables... found 0 tables
2026-05-22 19:45:09,673 [INFO] drilldown: Parsing Double-Packet Layout tables...
2026-05-22 19:45:09,680 [INFO] drilldown:   ✓ GEM/2026/B/7544333 | winner= | vendors=0
2026-05-22 19:45:10,681 [INFO] drilldown: [16/30] Processing GEM/2026/B/7529287
2026-05-22 19:45:10,683 [INFO] drilldown: Drilling details for bid: GEM/2026/B/7529287
2026-05-22 19:45:10,685 [INFO] drilldown: Navigating to direct result URL: https://bidplus.gem.gov.in/bidding/bid/getBidResultView/9317617
2026-05-22 19:45:13,441 [INFO] drilldown: Parsing page tables... found 2 tables
2026-05-22 19:45:13,464 [INFO] drilldown: Parsing Double-Packet Layout tables...
2026-05-22 19:45:13,538 [INFO] drilldown:   ✓ GEM/2026/B/7529287 | winner=KHOSA ENTERPRISES | vendors=3
2026-05-22 19:45:14,539 [INFO] drilldown: [17/30] Processing GEM/2026/B/7529136
2026-05-22 19:45:14,539 [INFO] drilldown: Drilling details for bid: GEM/2026/B/7529136
2026-05-22 19:45:14,539 [INFO] drilldown: Navigating to direct result URL: https://bidplus.gem.gov.in/bidding/bid/getBidResultView/9317451
2026-05-22 19:45:17,113 [INFO] drilldown: Parsing page tables... found 0 tables
2026-05-22 19:45:17,113 [INFO] drilldown: Parsing Double-Packet Layout tables...
2026-05-22 19:45:17,117 [INFO] drilldown:   ✓ GEM/2026/B/7529136 | winner= | vendors=0
2026-05-22 19:45:18,118 [INFO] drilldown: [18/30] Processing GEM/2026/B/7529128
2026-05-22 19:45:18,119 [INFO] drilldown: Drilling details for bid: GEM/2026/B/7529128
2026-05-22 19:45:18,119 [INFO] drilldown: Navigating to direct result URL: https://bidplus.gem.gov.in/bidding/bid/getBidResultView/9317442
2026-05-22 19:45:20,751 [INFO] drilldown: Parsing page tables... found 2 tables
2026-05-22 19:45:20,770 [INFO] drilldown: Parsing Double-Packet Layout tables...
2026-05-22 19:45:20,840 [INFO] drilldown:   ✓ GEM/2026/B/7529128 | winner=MAA DURGA AGROTECH | vendors=3
2026-05-22 19:45:21,841 [INFO] drilldown: [19/30] Processing GEM/2026/B/7524690
2026-05-22 19:45:21,841 [INFO] drilldown: Drilling details for bid: GEM/2026/B/7524690
2026-05-22 19:45:21,842 [INFO] drilldown: Navigating to direct result URL: https://bidplus.gem.gov.in/bidding/bid/getSinglePacketResultView/9312444
2026-05-22 19:45:24,633 [ERROR] drilldown: Drilldown failed for GEM/2026/B/7524690: Page.query_selector_all: Execution context was destroyed, most likely because of a navigation
2026-05-22 19:45:25,639 [INFO] drilldown: [20/30] Processing GEM/2026/B/7419591
2026-05-22 19:45:25,639 [INFO] drilldown: Drilling details for bid: GEM/2026/B/7419591
2026-05-22 19:45:25,640 [INFO] drilldown: Navigating to direct result URL: https://bidplus.gem.gov.in/bidding/bid/getBidResultView/9195499
2026-05-22 19:45:28,312 [INFO] drilldown: Parsing page tables... found 0 tables
2026-05-22 19:45:28,312 [INFO] drilldown: Parsing Double-Packet Layout tables...
2026-05-22 19:45:28,317 [INFO] drilldown:   ✓ GEM/2026/B/7419591 | winner= | vendors=0
2026-05-22 19:45:29,318 [INFO] drilldown: [21/30] Processing GEM/2026/B/7522916
2026-05-22 19:45:29,318 [INFO] drilldown: Drilling details for bid: GEM/2026/B/7522916
2026-05-22 19:45:29,318 [INFO] drilldown: Navigating to direct result URL: https://bidplus.gem.gov.in/bidding/bid/getBidResultView/9310340
2026-05-22 19:45:31,971 [INFO] drilldown: Parsing page tables... found 0 tables
2026-05-22 19:45:31,972 [INFO] drilldown: Parsing Double-Packet Layout tables...
2026-05-22 19:45:31,977 [INFO] drilldown:   ✓ GEM/2026/B/7522916 | winner= | vendors=0
2026-05-22 19:45:32,978 [INFO] drilldown: [22/30] Processing GEM/2026/B/7557483
2026-05-22 19:45:32,979 [INFO] drilldown: Drilling details for bid: GEM/2026/B/7557483
2026-05-22 19:45:32,979 [INFO] drilldown: Navigating to direct result URL: https://bidplus.gem.gov.in/bidding/bid/getBidResultView/9348793
2026-05-22 19:45:35,607 [INFO] drilldown: Parsing page tables... found 0 tables
2026-05-22 19:45:35,607 [INFO] drilldown: Parsing Double-Packet Layout tables...
2026-05-22 19:45:35,613 [INFO] drilldown:   ✓ GEM/2026/B/7557483 | winner= | vendors=0
2026-05-22 19:45:36,614 [INFO] drilldown: [23/30] Processing GEM/2026/B/7557136
2026-05-22 19:45:36,614 [INFO] drilldown: Drilling details for bid: GEM/2026/B/7557136
2026-05-22 19:45:36,614 [INFO] drilldown: Navigating to direct result URL: https://bidplus.gem.gov.in/bidding/bid/getBidResultView/9348408
2026-05-22 19:45:39,328 [INFO] drilldown: Parsing page tables... found 2 tables
2026-05-22 19:45:39,347 [INFO] drilldown: Parsing Double-Packet Layout tables...
2026-05-22 19:45:39,526 [INFO] drilldown:   ✓ GEM/2026/B/7557136 | winner=VAIBHAV CONSTRUCTIONS | vendors=14
2026-05-22 19:45:40,528 [INFO] drilldown: [24/30] Processing GEM/2026/B/7528899
2026-05-22 19:45:40,528 [INFO] drilldown: Drilling details for bid: GEM/2026/B/7528899
2026-05-22 19:45:40,528 [INFO] drilldown: Navigating to direct result URL: https://bidplus.gem.gov.in/bidding/bid/getBidResultView/9317193
2026-05-22 19:45:43,103 [INFO] drilldown: Parsing page tables... found 2 tables
2026-05-22 19:45:43,125 [INFO] drilldown: Parsing Double-Packet Layout tables...
2026-05-22 19:45:43,201 [INFO] drilldown:   ✓ GEM/2026/B/7528899 | winner=CHANDRA SHEKHAR EXPORTS | vendors=3
2026-05-22 19:45:44,202 [INFO] drilldown: [25/30] Processing GEM/2026/B/7524364
2026-05-22 19:45:44,203 [INFO] drilldown: Drilling details for bid: GEM/2026/B/7524364
2026-05-22 19:45:44,203 [INFO] drilldown: Navigating to direct result URL: https://bidplus.gem.gov.in/bidding/bid/getSinglePacketResultView/9312081
2026-05-22 19:45:44,643 [WARNING] drilldown: Could not open via bid_url for GEM/2026/B/7524364: Page.goto: net::ERR_ABORTED at https://bidplus.gem.gov.in/bidding/bid/getSinglePacketResultView/9312081
Call log:
  - navigating to "https://bidplus.gem.gov.in/bidding/bid/getSinglePacketResultView/9312081", waiting until "domcontentloaded"

2026-05-22 19:45:44,643 [INFO] drilldown: Trying candidate URL: https://bidplus.gem.gov.in/bidding/bid/getBidResultView/GEM%2F2026%2FB%2F7524364
2026-05-22 19:45:44,864 [INFO] drilldown: Trying candidate URL: https://bidplus.gem.gov.in/bidding/bid/getSinglePacketResultView/GEM%2F2026%2FB%2F7524364
2026-05-22 19:45:45,072 [INFO] drilldown: Trying candidate URL: https://bidplus.gem.gov.in/bid-result/GEM%2F2026%2FB%2F7524364
2026-05-22 19:45:45,281 [WARNING] drilldown: Could not load bid result page for GEM/2026/B/7524364
2026-05-22 19:45:46,284 [INFO] drilldown: [26/30] Processing GEM/2026/B/7477632
2026-05-22 19:45:46,285 [INFO] drilldown: Drilling details for bid: GEM/2026/B/7477632
2026-05-22 19:45:46,285 [INFO] drilldown: Navigating to direct result URL: https://bidplus.gem.gov.in/bidding/bid/getBidResultView/9259918
2026-05-22 19:45:48,948 [INFO] drilldown: Parsing page tables... found 1 tables
2026-05-22 19:45:48,959 [INFO] drilldown: Parsing Single-Packet Layout table...
2026-05-22 19:45:49,017 [INFO] drilldown:   ✓ GEM/2026/B/7477632 | winner= | vendors=5
2026-05-22 19:45:50,019 [INFO] drilldown: [27/30] Processing GEM/2026/B/7520453
2026-05-22 19:45:50,019 [INFO] drilldown: Drilling details for bid: GEM/2026/B/7520453
2026-05-22 19:45:50,019 [INFO] drilldown: Navigating to direct result URL: https://bidplus.gem.gov.in/bidding/bid/getBidResultView/9307568
2026-05-22 19:45:52,795 [INFO] drilldown: Parsing page tables... found 1 tables
2026-05-22 19:45:52,811 [INFO] drilldown: Parsing Single-Packet Layout table...
2026-05-22 19:45:52,851 [INFO] drilldown:   ✓ GEM/2026/B/7520453 | winner= | vendors=3
2026-05-22 19:45:53,853 [INFO] drilldown: [28/30] Processing GEM/2026/B/7481896
2026-05-22 19:45:53,853 [INFO] drilldown: Drilling details for bid: GEM/2026/B/7481896
2026-05-22 19:45:53,853 [INFO] drilldown: Navigating to direct result URL: https://bidplus.gem.gov.in/bidding/bid/getBidResultView/9264853
2026-05-22 19:45:56,610 [INFO] drilldown: Parsing page tables... found 0 tables
2026-05-22 19:45:56,610 [INFO] drilldown: Parsing Double-Packet Layout tables...
2026-05-22 19:45:56,616 [INFO] drilldown:   ✓ GEM/2026/B/7481896 | winner= | vendors=0
2026-05-22 19:45:57,617 [INFO] drilldown: [29/30] Processing GEM/2026/B/7528309
2026-05-22 19:45:57,618 [INFO] drilldown: Drilling details for bid: GEM/2026/B/7528309
2026-05-22 19:45:57,618 [INFO] drilldown: Navigating to direct result URL: https://bidplus.gem.gov.in/bidding/bid/getBidResultView/9316553
2026-05-22 19:46:00,369 [ERROR] drilldown: Drilldown failed for GEM/2026/B/7528309: Page.query_selector_all: Execution context was destroyed, most likely because of a navigation
2026-05-22 19:46:01,372 [INFO] drilldown: [30/30] Processing GEM/2026/B/7528236
2026-05-22 19:46:01,373 [INFO] drilldown: Drilling details for bid: GEM/2026/B/7528236
2026-05-22 19:46:01,373 [INFO] drilldown: Navigating to direct result URL: https://bidplus.gem.gov.in/bidding/bid/getBidResultView/9316475
2026-05-22 19:46:04,037 [INFO] drilldown: Parsing page tables... found 2 tables
2026-05-22 19:46:04,061 [INFO] drilldown: Parsing Double-Packet Layout tables...
2026-05-22 19:46:04,129 [INFO] drilldown:   ✓ GEM/2026/B/7528236 | winner=BARMER MOTORS | vendors=3
2026-05-22 19:46:05,131 [INFO] pipeline: Drilldown Scraper phase finished.
2026-05-22 19:46:05,131 [INFO] pipeline: Closing browser...
2026-05-22 19:46:05,174 [INFO] pipeline: Starting Data Cleaning & Insight Generation phase...
2026-05-22 19:46:05,219 [ERROR] pipeline: Cleaner failed: Traceback (most recent call last):
  File "/Users/mitulbhatia/Desktop/ml_assignment/cleaner.py", line 7, in <module>
    import pandas as pd
ModuleNotFoundError: No module named 'pandas'

2026-05-22 19:46:05,219 [INFO] pipeline: Pipeline execution complete.
2026-05-22 19:47:57,299 [INFO] pipeline: Initializing database...
2026-05-22 19:47:57,299 [INFO] db: Database initialized successfully.
2026-05-22 19:47:57,299 [INFO] pipeline: Launching browser (headless=True, slow_mo=150ms)...
2026-05-22 19:47:57,866 [INFO] pipeline: Currently stored bids in database: 30
2026-05-22 19:47:57,866 [INFO] pipeline: Drilldown-only flag provided. Skipping listing phase.
2026-05-22 19:47:57,866 [INFO] pipeline: Listing phase skipped (sufficient bids in DB or explicitly skipped).
2026-05-22 19:47:57,867 [INFO] pipeline: Bids pending detailed extraction: 30
2026-05-22 19:47:57,867 [INFO] pipeline: Starting Drilldown Scraper phase for 30 bids...
2026-05-22 19:47:57,867 [INFO] drilldown: [1/30] Processing GEM/2025/B/6840345
2026-05-22 19:47:57,867 [INFO] drilldown: Drilling details for bid: GEM/2025/B/6840345
2026-05-22 19:47:57,867 [INFO] drilldown: Navigating to direct result URL: https://bidplus.gem.gov.in/bidding/bid/getBidResultView/8530374
2026-05-22 19:48:01,398 [INFO] drilldown: Parsing page tables... found 1 tables
2026-05-22 19:48:01,411 [INFO] drilldown: Parsing Single-Packet Layout table...
2026-05-22 19:48:01,591 [INFO] drilldown:   ✓ GEM/2025/B/6840345 | winner= | vendors=13
2026-05-22 19:48:02,592 [INFO] drilldown: [2/30] Processing GEM/2026/B/7558891
2026-05-22 19:48:02,592 [INFO] drilldown: Drilling details for bid: GEM/2026/B/7558891
2026-05-22 19:48:02,593 [INFO] drilldown: Navigating to direct result URL: https://bidplus.gem.gov.in/bidding/bid/getBidResultView/9350346
2026-05-22 19:48:05,498 [ERROR] drilldown: Drilldown failed for GEM/2026/B/7558891: Page.query_selector_all: Execution context was destroyed, most likely because of a navigation
2026-05-22 19:48:06,502 [INFO] drilldown: [3/30] Processing GEM/2026/B/7480328
2026-05-22 19:48:06,502 [INFO] drilldown: Drilling details for bid: GEM/2026/B/7480328
2026-05-22 19:48:06,503 [INFO] drilldown: Navigating to direct result URL: https://bidplus.gem.gov.in/bidding/bid/getSinglePacketResultView/9263102
2026-05-22 19:48:09,178 [ERROR] drilldown: Drilldown failed for GEM/2026/B/7480328: Page.query_selector_all: Execution context was destroyed, most likely because of a navigation
2026-05-22 19:48:10,182 [INFO] drilldown: [4/30] Processing GEM/2026/B/7399330
2026-05-22 19:48:10,182 [INFO] drilldown: Drilling details for bid: GEM/2026/B/7399330
2026-05-22 19:48:10,182 [INFO] drilldown: Navigating to direct result URL: https://bidplus.gem.gov.in/bidding/bid/getBidResultView/9172154
2026-05-22 19:48:12,840 [INFO] drilldown: Parsing page tables... found 1 tables
2026-05-22 19:48:12,850 [INFO] drilldown: Parsing Single-Packet Layout table...
2026-05-22 19:48:12,884 [INFO] drilldown:   ✓ GEM/2026/B/7399330 | winner= | vendors=2
2026-05-22 19:48:13,885 [INFO] drilldown: [5/30] Processing GEM/2026/B/7529759
2026-05-22 19:48:13,886 [INFO] drilldown: Drilling details for bid: GEM/2026/B/7529759
2026-05-22 19:48:13,886 [INFO] drilldown: Navigating to direct result URL: https://bidplus.gem.gov.in/bidding/bid/getBidResultView/9318131
2026-05-22 19:48:16,474 [INFO] drilldown: Parsing page tables... found 2 tables
2026-05-22 19:48:16,492 [INFO] drilldown: Parsing Double-Packet Layout tables...
2026-05-22 19:48:16,575 [INFO] drilldown:   ✓ GEM/2026/B/7529759 | winner=VASU ENTERPRISE | vendors=3
2026-05-22 19:48:17,576 [INFO] drilldown: [6/30] Processing GEM/2026/B/7525406
2026-05-22 19:48:17,576 [INFO] drilldown: Drilling details for bid: GEM/2026/B/7525406
2026-05-22 19:48:17,576 [INFO] drilldown: Navigating to direct result URL: https://bidplus.gem.gov.in/bidding/bid/getBidResultView/9313286
2026-05-22 19:48:20,205 [INFO] drilldown: Parsing page tables... found 2 tables
2026-05-22 19:48:20,232 [INFO] drilldown: Parsing Double-Packet Layout tables...
2026-05-22 19:48:20,311 [INFO] drilldown:   ✓ GEM/2026/B/7525406 | winner=POOJA ENTERPRISES | vendors=3
2026-05-22 19:48:21,312 [INFO] drilldown: [7/30] Processing GEM/2026/B/7383212
2026-05-22 19:48:21,312 [INFO] drilldown: Drilling details for bid: GEM/2026/B/7383212
2026-05-22 19:48:21,312 [INFO] drilldown: Navigating to direct result URL: https://bidplus.gem.gov.in/bidding/bid/getBidResultView/9153399
2026-05-22 19:48:24,115 [INFO] drilldown: Parsing page tables... found 1 tables
2026-05-22 19:48:24,131 [INFO] drilldown: Parsing Single-Packet Layout table...
2026-05-22 19:48:24,237 [INFO] drilldown:   ✓ GEM/2026/B/7383212 | winner= | vendors=9
2026-05-22 19:48:25,238 [INFO] drilldown: [8/30] Processing GEM/2026/B/7557312
2026-05-22 19:48:25,238 [INFO] drilldown: Drilling details for bid: GEM/2026/B/7557312
2026-05-22 19:48:25,238 [INFO] drilldown: Navigating to direct result URL: https://bidplus.gem.gov.in/bidding/bid/getSinglePacketResultView/9348604
2026-05-22 19:48:27,837 [INFO] drilldown: Parsing page tables... found 0 tables
2026-05-22 19:48:27,837 [INFO] drilldown: Parsing Double-Packet Layout tables...
2026-05-22 19:48:27,842 [INFO] drilldown:   ✓ GEM/2026/B/7557312 | winner= | vendors=0
2026-05-22 19:48:28,843 [INFO] drilldown: [9/30] Processing GEM/2026/B/7529503
2026-05-22 19:48:28,844 [INFO] drilldown: Drilling details for bid: GEM/2026/B/7529503
2026-05-22 19:48:28,844 [INFO] drilldown: Navigating to direct result URL: https://bidplus.gem.gov.in/bidding/bid/getBidResultView/9317851
2026-05-22 19:48:31,942 [ERROR] drilldown: Drilldown failed for GEM/2026/B/7529503: Page.query_selector_all: Execution context was destroyed, most likely because of a navigation
2026-05-22 19:48:32,945 [INFO] drilldown: [10/30] Processing GEM/2026/B/7529468
2026-05-22 19:48:32,946 [INFO] drilldown: Drilling details for bid: GEM/2026/B/7529468
2026-05-22 19:48:32,946 [INFO] drilldown: Navigating to direct result URL: https://bidplus.gem.gov.in/bidding/bid/getSinglePacketResultView/9317813
2026-05-22 19:48:35,601 [INFO] drilldown: Parsing page tables... found 1 tables
2026-05-22 19:48:35,617 [INFO] drilldown: Parsing Single-Packet Layout table...
2026-05-22 19:48:35,656 [INFO] drilldown:   ✓ GEM/2026/B/7529468 | winner=ANSH TRADERS | vendors=3
2026-05-22 19:48:36,657 [INFO] drilldown: [11/30] Processing GEM/2026/B/7528194
2026-05-22 19:48:36,658 [INFO] drilldown: Drilling details for bid: GEM/2026/B/7528194
2026-05-22 19:48:36,658 [INFO] drilldown: Navigating to direct result URL: https://bidplus.gem.gov.in/bidding/bid/getSinglePacketResultView/9316425
2026-05-22 19:48:37,138 [WARNING] drilldown: Could not open via bid_url for GEM/2026/B/7528194: Page.goto: net::ERR_ABORTED at https://bidplus.gem.gov.in/bidding/bid/getSinglePacketResultView/9316425
Call log:
  - navigating to "https://bidplus.gem.gov.in/bidding/bid/getSinglePacketResultView/9316425", waiting until "domcontentloaded"

2026-05-22 19:48:37,138 [INFO] drilldown: Trying candidate URL: https://bidplus.gem.gov.in/bidding/bid/getBidResultView/GEM%2F2026%2FB%2F7528194
2026-05-22 19:48:37,352 [INFO] drilldown: Trying candidate URL: https://bidplus.gem.gov.in/bidding/bid/getSinglePacketResultView/GEM%2F2026%2FB%2F7528194
2026-05-22 19:48:37,574 [INFO] drilldown: Trying candidate URL: https://bidplus.gem.gov.in/bid-result/GEM%2F2026%2FB%2F7528194
2026-05-22 19:48:37,775 [WARNING] drilldown: Could not load bid result page for GEM/2026/B/7528194
2026-05-22 19:48:38,777 [INFO] drilldown: [12/30] Processing GEM/2026/B/7382284
2026-05-22 19:48:38,777 [INFO] drilldown: Drilling details for bid: GEM/2026/B/7382284
2026-05-22 19:48:38,777 [INFO] drilldown: Navigating to direct result URL: https://bidplus.gem.gov.in/bidding/bid/getBidResultView/9152205
2026-05-22 19:48:41,470 [INFO] drilldown: Parsing page tables... found 1 tables
2026-05-22 19:48:41,481 [INFO] drilldown: Parsing Single-Packet Layout table...
2026-05-22 19:48:41,713 [INFO] drilldown:   ✓ GEM/2026/B/7382284 | winner= | vendors=27
2026-05-22 19:48:42,714 [INFO] drilldown: [13/30] Processing GEM/2026/B/7484220
2026-05-22 19:48:42,714 [INFO] drilldown: Drilling details for bid: GEM/2026/B/7484220
2026-05-22 19:48:42,714 [INFO] drilldown: Navigating to direct result URL: https://bidplus.gem.gov.in/bidding/bid/getBidResultView/9267427
2026-05-22 19:48:45,339 [INFO] drilldown: Parsing page tables... found 1 tables
2026-05-22 19:48:45,352 [INFO] drilldown: Parsing Single-Packet Layout table...
2026-05-22 19:48:45,493 [INFO] drilldown:   ✓ GEM/2026/B/7484220 | winner= | vendors=16
2026-05-22 19:48:46,494 [INFO] drilldown: [14/30] Processing GEM/2026/B/7557970
2026-05-22 19:48:46,495 [INFO] drilldown: Drilling details for bid: GEM/2026/B/7557970
2026-05-22 19:48:46,495 [INFO] drilldown: Navigating to direct result URL: https://bidplus.gem.gov.in/bidding/bid/getBidResultView/9349340
2026-05-22 19:48:49,107 [INFO] drilldown: Parsing page tables... found 0 tables
2026-05-22 19:48:49,107 [INFO] drilldown: Parsing Double-Packet Layout tables...
2026-05-22 19:48:49,112 [INFO] drilldown:   ✓ GEM/2026/B/7557970 | winner= | vendors=0
2026-05-22 19:48:50,113 [INFO] drilldown: [15/30] Processing GEM/2026/B/7544333
2026-05-22 19:48:50,113 [INFO] drilldown: Drilling details for bid: GEM/2026/B/7544333
2026-05-22 19:48:50,113 [INFO] drilldown: Navigating to direct result URL: https://bidplus.gem.gov.in/bidding/bid/getBidResultView/9333995
2026-05-22 19:48:52,846 [INFO] drilldown: Parsing page tables... found 2 tables
2026-05-22 19:48:52,870 [INFO] drilldown: Parsing Double-Packet Layout tables...
2026-05-22 19:48:52,936 [INFO] drilldown:   ✓ GEM/2026/B/7544333 | winner=METHODEX SYSTEMS PRIVATE LIMITED | vendors=3
2026-05-22 19:48:53,937 [INFO] drilldown: [16/30] Processing GEM/2026/B/7529287
2026-05-22 19:48:53,938 [INFO] drilldown: Drilling details for bid: GEM/2026/B/7529287
2026-05-22 19:48:53,938 [INFO] drilldown: Navigating to direct result URL: https://bidplus.gem.gov.in/bidding/bid/getBidResultView/9317617
2026-05-22 19:48:56,544 [INFO] drilldown: Parsing page tables... found 0 tables
2026-05-22 19:48:56,544 [INFO] drilldown: Parsing Double-Packet Layout tables...
2026-05-22 19:48:56,550 [INFO] drilldown:   ✓ GEM/2026/B/7529287 | winner= | vendors=0
2026-05-22 19:48:57,551 [INFO] drilldown: [17/30] Processing GEM/2026/B/7529136
2026-05-22 19:48:57,552 [INFO] drilldown: Drilling details for bid: GEM/2026/B/7529136
2026-05-22 19:48:57,552 [INFO] drilldown: Navigating to direct result URL: https://bidplus.gem.gov.in/bidding/bid/getBidResultView/9317451
2026-05-22 19:49:00,284 [INFO] drilldown: Parsing page tables... found 0 tables
2026-05-22 19:49:00,284 [INFO] drilldown: Parsing Double-Packet Layout tables...
2026-05-22 19:49:00,287 [INFO] drilldown:   ✓ GEM/2026/B/7529136 | winner= | vendors=0
2026-05-22 19:49:01,288 [INFO] drilldown: [18/30] Processing GEM/2026/B/7529128
2026-05-22 19:49:01,288 [INFO] drilldown: Drilling details for bid: GEM/2026/B/7529128
2026-05-22 19:49:01,288 [INFO] drilldown: Navigating to direct result URL: https://bidplus.gem.gov.in/bidding/bid/getBidResultView/9317442
2026-05-22 19:49:03,928 [INFO] drilldown: Parsing page tables... found 0 tables
2026-05-22 19:49:03,928 [INFO] drilldown: Parsing Double-Packet Layout tables...
2026-05-22 19:49:03,934 [INFO] drilldown:   ✓ GEM/2026/B/7529128 | winner= | vendors=0
2026-05-22 19:49:04,935 [INFO] drilldown: [19/30] Processing GEM/2026/B/7524690
2026-05-22 19:49:04,935 [INFO] drilldown: Drilling details for bid: GEM/2026/B/7524690
2026-05-22 19:49:04,935 [INFO] drilldown: Navigating to direct result URL: https://bidplus.gem.gov.in/bidding/bid/getSinglePacketResultView/9312444
2026-05-22 19:49:07,725 [INFO] drilldown: Parsing page tables... found 1 tables
2026-05-22 19:49:07,742 [INFO] drilldown: Parsing Single-Packet Layout table...
2026-05-22 19:49:07,886 [INFO] drilldown:   ✓ GEM/2026/B/7524690 | winner=INSIGHT SAKET ENTERPRISES | vendors=12
2026-05-22 19:49:08,888 [INFO] drilldown: [20/30] Processing GEM/2026/B/7419591
2026-05-22 19:49:08,888 [INFO] drilldown: Drilling details for bid: GEM/2026/B/7419591
2026-05-22 19:49:08,888 [INFO] drilldown: Navigating to direct result URL: https://bidplus.gem.gov.in/bidding/bid/getBidResultView/9195499
2026-05-22 19:49:09,271 [WARNING] drilldown: Could not open via bid_url for GEM/2026/B/7419591: Page.goto: net::ERR_ABORTED at https://bidplus.gem.gov.in/bidding/bid/getBidResultView/9195499
Call log:
  - navigating to "https://bidplus.gem.gov.in/bidding/bid/getBidResultView/9195499", waiting until "domcontentloaded"

2026-05-22 19:49:09,271 [INFO] drilldown: Trying candidate URL: https://bidplus.gem.gov.in/bidding/bid/getBidResultView/GEM%2F2026%2FB%2F7419591
2026-05-22 19:49:09,475 [INFO] drilldown: Trying candidate URL: https://bidplus.gem.gov.in/bidding/bid/getSinglePacketResultView/GEM%2F2026%2FB%2F7419591
2026-05-22 19:49:09,679 [INFO] drilldown: Trying candidate URL: https://bidplus.gem.gov.in/bid-result/GEM%2F2026%2FB%2F7419591
2026-05-22 19:49:09,879 [WARNING] drilldown: Could not load bid result page for GEM/2026/B/7419591
2026-05-22 19:49:10,881 [INFO] drilldown: [21/30] Processing GEM/2026/B/7522916
2026-05-22 19:49:10,882 [INFO] drilldown: Drilling details for bid: GEM/2026/B/7522916
2026-05-22 19:49:10,882 [INFO] drilldown: Navigating to direct result URL: https://bidplus.gem.gov.in/bidding/bid/getBidResultView/9310340
2026-05-22 19:49:13,539 [INFO] drilldown: Parsing page tables... found 1 tables
2026-05-22 19:49:13,555 [INFO] drilldown: Parsing Single-Packet Layout table...
2026-05-22 19:49:13,599 [INFO] drilldown:   ✓ GEM/2026/B/7522916 | winner= | vendors=3
2026-05-22 19:49:14,600 [INFO] drilldown: [22/30] Processing GEM/2026/B/7557483
2026-05-22 19:49:14,601 [INFO] drilldown: Drilling details for bid: GEM/2026/B/7557483
2026-05-22 19:49:14,601 [INFO] drilldown: Navigating to direct result URL: https://bidplus.gem.gov.in/bidding/bid/getBidResultView/9348793
2026-05-22 19:49:17,268 [INFO] drilldown: Parsing page tables... found 2 tables
2026-05-22 19:49:17,289 [INFO] drilldown: Parsing Double-Packet Layout tables...
2026-05-22 19:49:17,367 [INFO] drilldown:   ✓ GEM/2026/B/7557483 | winner=NIMIT SALES CORPORATION | vendors=3
2026-05-22 19:49:18,369 [INFO] drilldown: [23/30] Processing GEM/2026/B/7557136
2026-05-22 19:49:18,369 [INFO] drilldown: Drilling details for bid: GEM/2026/B/7557136
2026-05-22 19:49:18,369 [INFO] drilldown: Navigating to direct result URL: https://bidplus.gem.gov.in/bidding/bid/getBidResultView/9348408
2026-05-22 19:49:21,172 [INFO] drilldown: Parsing page tables... found 2 tables
2026-05-22 19:49:21,194 [INFO] drilldown: Parsing Double-Packet Layout tables...
2026-05-22 19:49:21,365 [INFO] drilldown:   ✓ GEM/2026/B/7557136 | winner=VAIBHAV CONSTRUCTIONS | vendors=14
2026-05-22 19:49:22,366 [INFO] drilldown: [24/30] Processing GEM/2026/B/7528899
2026-05-22 19:49:22,366 [INFO] drilldown: Drilling details for bid: GEM/2026/B/7528899
2026-05-22 19:49:22,366 [INFO] drilldown: Navigating to direct result URL: https://bidplus.gem.gov.in/bidding/bid/getBidResultView/9317193
2026-05-22 19:49:24,971 [INFO] drilldown: Parsing page tables... found 2 tables
2026-05-22 19:49:24,991 [INFO] drilldown: Parsing Double-Packet Layout tables...
2026-05-22 19:49:25,060 [INFO] drilldown:   ✓ GEM/2026/B/7528899 | winner=CHANDRA SHEKHAR EXPORTS | vendors=3
2026-05-22 19:49:26,061 [INFO] drilldown: [25/30] Processing GEM/2026/B/7524364
2026-05-22 19:49:26,062 [INFO] drilldown: Drilling details for bid: GEM/2026/B/7524364
2026-05-22 19:49:26,062 [INFO] drilldown: Navigating to direct result URL: https://bidplus.gem.gov.in/bidding/bid/getSinglePacketResultView/9312081
2026-05-22 19:49:28,683 [INFO] drilldown: Parsing page tables... found 1 tables
2026-05-22 19:49:28,703 [INFO] drilldown: Parsing Single-Packet Layout table...
2026-05-22 19:49:28,744 [INFO] drilldown:   ✓ GEM/2026/B/7524364 | winner=ARCHIT ENTERPRISES | vendors=3
2026-05-22 19:49:29,745 [INFO] drilldown: [26/30] Processing GEM/2026/B/7477632
2026-05-22 19:49:29,745 [INFO] drilldown: Drilling details for bid: GEM/2026/B/7477632
2026-05-22 19:49:29,745 [INFO] drilldown: Navigating to direct result URL: https://bidplus.gem.gov.in/bidding/bid/getBidResultView/9259918
2026-05-22 19:49:32,427 [INFO] drilldown: Parsing page tables... found 1 tables
2026-05-22 19:49:32,442 [INFO] drilldown: Parsing Single-Packet Layout table...
2026-05-22 19:49:32,513 [INFO] drilldown:   ✓ GEM/2026/B/7477632 | winner= | vendors=5
2026-05-22 19:49:33,515 [INFO] drilldown: [27/30] Processing GEM/2026/B/7520453
2026-05-22 19:49:33,515 [INFO] drilldown: Drilling details for bid: GEM/2026/B/7520453
2026-05-22 19:49:33,515 [INFO] drilldown: Navigating to direct result URL: https://bidplus.gem.gov.in/bidding/bid/getBidResultView/9307568
2026-05-22 19:49:36,120 [INFO] drilldown: Parsing page tables... found 0 tables
2026-05-22 19:49:36,120 [INFO] drilldown: Parsing Double-Packet Layout tables...
2026-05-22 19:49:36,127 [INFO] drilldown:   ✓ GEM/2026/B/7520453 | winner= | vendors=0
2026-05-22 19:49:37,128 [INFO] drilldown: [28/30] Processing GEM/2026/B/7481896
2026-05-22 19:49:37,128 [INFO] drilldown: Drilling details for bid: GEM/2026/B/7481896
2026-05-22 19:49:37,128 [INFO] drilldown: Navigating to direct result URL: https://bidplus.gem.gov.in/bidding/bid/getBidResultView/9264853
2026-05-22 19:49:39,793 [INFO] drilldown: Parsing page tables... found 1 tables
2026-05-22 19:49:39,806 [INFO] drilldown: Parsing Single-Packet Layout table...
2026-05-22 19:49:39,861 [INFO] drilldown:   ✓ GEM/2026/B/7481896 | winner= | vendors=3
2026-05-22 19:49:40,861 [INFO] drilldown: [29/30] Processing GEM/2026/B/7528309
2026-05-22 19:49:40,862 [INFO] drilldown: Drilling details for bid: GEM/2026/B/7528309
2026-05-22 19:49:40,862 [INFO] drilldown: Navigating to direct result URL: https://bidplus.gem.gov.in/bidding/bid/getBidResultView/9316553
2026-05-22 19:49:43,464 [INFO] drilldown: Parsing page tables... found 0 tables
2026-05-22 19:49:43,465 [INFO] drilldown: Parsing Double-Packet Layout tables...
2026-05-22 19:49:43,471 [INFO] drilldown:   ✓ GEM/2026/B/7528309 | winner= | vendors=0
2026-05-22 19:49:44,472 [INFO] drilldown: [30/30] Processing GEM/2026/B/7528236
2026-05-22 19:49:44,472 [INFO] drilldown: Drilling details for bid: GEM/2026/B/7528236
2026-05-22 19:49:44,472 [INFO] drilldown: Navigating to direct result URL: https://bidplus.gem.gov.in/bidding/bid/getBidResultView/9316475
2026-05-22 19:49:47,126 [INFO] drilldown: Parsing page tables... found 2 tables
2026-05-22 19:49:47,148 [INFO] drilldown: Parsing Double-Packet Layout tables...
2026-05-22 19:49:47,216 [INFO] drilldown:   ✓ GEM/2026/B/7528236 | winner=BARMER MOTORS | vendors=3
2026-05-22 19:49:48,217 [INFO] pipeline: Drilldown Scraper phase finished.
2026-05-22 19:49:48,217 [INFO] pipeline: Closing browser...
2026-05-22 19:49:48,261 [INFO] pipeline: Starting Data Cleaning & Insight Generation phase...
2026-05-22 19:49:48,641 [INFO] pipeline: Data cleaning completed successfully.
2026-05-22 19:49:48,642 [INFO] pipeline: Pipeline execution complete.
2026-05-22 20:28:26,960 [INFO] pipeline: Initializing database...
2026-05-22 20:28:26,961 [INFO] db: Database initialized successfully.
2026-05-22 20:28:26,961 [INFO] pipeline: Launching browser (headless=True, slow_mo=150ms)...
2026-05-22 20:28:27,682 [INFO] pipeline: Currently stored bids in database: 30
2026-05-22 20:28:27,682 [INFO] pipeline: Drilldown-only flag provided. Skipping listing phase.
2026-05-22 20:28:27,683 [INFO] pipeline: Listing phase skipped (sufficient bids in DB or explicitly skipped).
2026-05-22 20:28:27,683 [INFO] pipeline: Bids pending detailed extraction: 5
2026-05-22 20:28:27,683 [INFO] pipeline: Starting Drilldown Scraper phase for 5 bids...
2026-05-22 20:28:27,683 [INFO] drilldown: [1/5] Drilling GEM/2026/B/7558891
2026-05-22 20:28:27,683 [INFO] drilldown: Drilling details for bid: GEM/2026/B/7558891
2026-05-22 20:28:27,683 [INFO] drilldown: Navigating to direct result URL: https://bidplus.gem.gov.in/bidding/bid/getBidResultView/9350346
2026-05-22 20:28:31,081 [INFO] drilldown: Parsing page tables... found 2 tables
2026-05-22 20:28:31,098 [INFO] drilldown: Parsing Double-Packet table layouts...
2026-05-22 20:28:31,189 [INFO] drilldown:   ✓ GEM/2026/B/7558891 enriched | winner=G.U. ENTERPRISES | bidders=5
2026-05-22 20:28:32,191 [INFO] drilldown: [2/5] Drilling GEM/2026/B/7480328
2026-05-22 20:28:32,191 [INFO] drilldown: Drilling details for bid: GEM/2026/B/7480328
2026-05-22 20:28:32,192 [INFO] drilldown: Navigating to direct result URL: https://bidplus.gem.gov.in/bidding/bid/getSinglePacketResultView/9263102
2026-05-22 20:28:34,767 [INFO] drilldown: Parsing page tables... found 1 tables
2026-05-22 20:28:34,782 [INFO] drilldown: Parsing Single-Packet table layout...
2026-05-22 20:28:34,807 [INFO] drilldown:   ✓ GEM/2026/B/7480328 enriched | winner=GEMINI POWER HYDRAULICS PRIVATE LIMITED | bidders=1
2026-05-22 20:28:35,808 [INFO] drilldown: [3/5] Drilling GEM/2026/B/7529503
2026-05-22 20:28:35,809 [INFO] drilldown: Drilling details for bid: GEM/2026/B/7529503
2026-05-22 20:28:35,810 [INFO] drilldown: Navigating to direct result URL: https://bidplus.gem.gov.in/bidding/bid/getBidResultView/9317851
2026-05-22 20:28:38,503 [INFO] drilldown: Parsing page tables... found 0 tables
2026-05-22 20:28:38,504 [INFO] drilldown: Parsing Double-Packet table layouts...
2026-05-22 20:28:38,507 [INFO] drilldown:   ✓ GEM/2026/B/7529503 enriched | winner= | bidders=0
2026-05-22 20:28:39,508 [INFO] drilldown: [4/5] Drilling GEM/2026/B/7528194
2026-05-22 20:28:39,509 [INFO] drilldown: Drilling details for bid: GEM/2026/B/7528194
2026-05-22 20:28:39,509 [INFO] drilldown: Navigating to direct result URL: https://bidplus.gem.gov.in/bidding/bid/getSinglePacketResultView/9316425
2026-05-22 20:28:42,140 [INFO] drilldown: Parsing page tables... found 0 tables
2026-05-22 20:28:42,141 [INFO] drilldown: Parsing Double-Packet table layouts...
2026-05-22 20:28:42,144 [INFO] drilldown:   ✓ GEM/2026/B/7528194 enriched | winner= | bidders=0
2026-05-22 20:28:43,145 [INFO] drilldown: [5/5] Drilling GEM/2026/B/7419591
2026-05-22 20:28:43,145 [INFO] drilldown: Drilling details for bid: GEM/2026/B/7419591
2026-05-22 20:28:43,146 [INFO] drilldown: Navigating to direct result URL: https://bidplus.gem.gov.in/bidding/bid/getBidResultView/9195499
2026-05-22 20:28:45,809 [INFO] drilldown: Parsing page tables... found 0 tables
2026-05-22 20:28:45,809 [INFO] drilldown: Parsing Double-Packet table layouts...
2026-05-22 20:28:45,815 [INFO] drilldown:   ✓ GEM/2026/B/7419591 enriched | winner= | bidders=0
2026-05-22 20:28:46,816 [INFO] pipeline: Drilldown Scraper phase finished.
2026-05-22 20:28:46,817 [INFO] pipeline: Closing browser...
2026-05-22 20:28:46,860 [INFO] pipeline: Starting Data Cleaning & Insight Generation phase...
2026-05-22 20:28:47,197 [INFO] pipeline: Data cleaning completed successfully.
2026-05-22 20:28:47,197 [INFO] pipeline: Pipeline execution complete.
2026-05-22 20:31:04,616 [INFO] pipeline: Initializing database...
2026-05-22 20:31:04,616 [INFO] db: Database initialized successfully.
2026-05-22 20:31:04,616 [INFO] pipeline: Launching browser (headless=True, slow_mo=150ms)...
2026-05-22 20:31:06,983 [INFO] pipeline: Currently stored bids in database: 30
2026-05-22 20:31:06,983 [INFO] pipeline: Starting Listing Scraper phase...
2026-05-22 20:31:06,983 [INFO] listing: Applying Awarded filter...
2026-05-22 20:31:11,492 [INFO] listing: Clicked #bidrastatus via JS
2026-05-22 20:31:13,512 [INFO] listing: Clicked #bid_awarded via JS
2026-05-22 20:31:18,515 [INFO] listing: Filter applied successfully.
2026-05-22 20:31:18,515 [INFO] listing: Scraping listing page 1 | collected=0
2026-05-22 20:31:18,635 [INFO] listing:   → 10 bids on page 1
2026-05-22 20:31:18,645 [INFO] listing: No next page found - listing phase complete.
2026-05-22 20:31:18,645 [INFO] listing: Listing scrape finished. Collected total of 10 bids.
2026-05-22 20:31:18,645 [INFO] pipeline: Listing Scraper phase finished. Scraped 10 bids on this run.
2026-05-22 20:31:18,645 [INFO] pipeline: Bids pending detailed extraction: 10
2026-05-22 20:31:18,645 [INFO] pipeline: Starting Drilldown Scraper phase for 10 bids...
2026-05-22 20:31:18,645 [INFO] drilldown: [1/10] Drilling GEM/2026/B/7532265
2026-05-22 20:31:18,645 [INFO] drilldown: Drilling details for bid: GEM/2026/B/7532265
2026-05-22 20:31:18,645 [INFO] drilldown: Navigating to direct result URL: https://bidplus.gem.gov.in/bidding/bid/getSinglePacketResultView/9320803
2026-05-22 20:31:21,288 [INFO] drilldown: Parsing page tables... found 0 tables
2026-05-22 20:31:21,288 [INFO] drilldown: Parsing Double-Packet table layouts...
2026-05-22 20:31:21,292 [INFO] drilldown:   ✓ GEM/2026/B/7532265 enriched | winner= | bidders=0
2026-05-22 20:31:22,293 [INFO] drilldown: [2/10] Drilling GEM/2026/B/7527288
2026-05-22 20:31:22,293 [INFO] drilldown: Drilling details for bid: GEM/2026/B/7527288
2026-05-22 20:31:22,294 [INFO] drilldown: Navigating to direct result URL: https://bidplus.gem.gov.in/bidding/bid/getBidResultView/9315399
2026-05-22 20:31:24,992 [INFO] drilldown: Parsing page tables... found 0 tables
2026-05-22 20:31:24,992 [INFO] drilldown: Parsing Double-Packet table layouts...
2026-05-22 20:31:24,996 [INFO] drilldown:   ✓ GEM/2026/B/7527288 enriched | winner= | bidders=0
2026-05-22 20:31:25,997 [INFO] drilldown: [3/10] Drilling GEM/2026/B/7560808
2026-05-22 20:31:25,998 [INFO] drilldown: Drilling details for bid: GEM/2026/B/7560808
2026-05-22 20:31:25,998 [INFO] drilldown: Navigating to direct result URL: https://bidplus.gem.gov.in/bidding/bid/getSinglePacketResultView/9352405
2026-05-22 20:31:28,675 [INFO] drilldown: Parsing page tables... found 1 tables
2026-05-22 20:31:28,685 [INFO] drilldown: Parsing Single-Packet table layout...
2026-05-22 20:31:28,707 [INFO] drilldown:   ✓ GEM/2026/B/7560808 enriched | winner=SHANTI INTERNATIONAL | bidders=1
2026-05-22 20:31:29,708 [INFO] drilldown: [4/10] Drilling GEM/2025/B/6840345
2026-05-22 20:31:29,709 [INFO] drilldown: Drilling details for bid: GEM/2025/B/6840345
2026-05-22 20:31:29,709 [INFO] drilldown: Navigating to direct result URL: https://bidplus.gem.gov.in/bidding/bid/getBidResultView/8530374
2026-05-22 20:31:32,391 [INFO] drilldown: Parsing page tables... found 0 tables
2026-05-22 20:31:32,391 [INFO] drilldown: Parsing Double-Packet table layouts...
2026-05-22 20:31:32,394 [INFO] drilldown:   ✓ GEM/2025/B/6840345 enriched | winner= | bidders=0
2026-05-22 20:31:33,396 [INFO] drilldown: [5/10] Drilling GEM/2026/B/7480328
2026-05-22 20:31:33,396 [INFO] drilldown: Drilling details for bid: GEM/2026/B/7480328
2026-05-22 20:31:33,396 [INFO] drilldown: Navigating to direct result URL: https://bidplus.gem.gov.in/bidding/bid/getSinglePacketResultView/9263102
2026-05-22 20:31:36,135 [INFO] drilldown: Parsing page tables... found 1 tables
2026-05-22 20:31:36,149 [INFO] drilldown: Parsing Single-Packet table layout...
2026-05-22 20:31:36,172 [INFO] drilldown:   ✓ GEM/2026/B/7480328 enriched | winner=GEMINI POWER HYDRAULICS PRIVATE LIMITED | bidders=1
2026-05-22 20:31:37,173 [INFO] drilldown: [6/10] Drilling GEM/2026/B/7558891
2026-05-22 20:31:37,174 [INFO] drilldown: Drilling details for bid: GEM/2026/B/7558891
2026-05-22 20:31:37,174 [INFO] drilldown: Navigating to direct result URL: https://bidplus.gem.gov.in/bidding/bid/getBidResultView/9350346
2026-05-22 20:31:37,680 [WARNING] drilldown: Could not open via direct URL for GEM/2026/B/7558891: Page.goto: net::ERR_ABORTED at https://bidplus.gem.gov.in/bidding/bid/getBidResultView/9350346
Call log:
  - navigating to "https://bidplus.gem.gov.in/bidding/bid/getBidResultView/9350346", waiting until "domcontentloaded"

2026-05-22 20:31:37,680 [INFO] drilldown: Trying candidate URL: https://bidplus.gem.gov.in/bidding/bid/getBidResultView/GEM%2F2026%2FB%2F7558891
2026-05-22 20:31:37,916 [INFO] drilldown: Trying candidate URL: https://bidplus.gem.gov.in/bidding/bid/getSinglePacketResultView/GEM%2F2026%2FB%2F7558891
2026-05-22 20:31:38,119 [WARNING] drilldown: Could not load result page for GEM/2026/B/7558891
2026-05-22 20:31:39,125 [INFO] drilldown: [7/10] Drilling GEM/2026/B/7399330
2026-05-22 20:31:39,126 [INFO] drilldown: Drilling details for bid: GEM/2026/B/7399330
2026-05-22 20:31:39,126 [INFO] drilldown: Navigating to direct result URL: https://bidplus.gem.gov.in/bidding/bid/getBidResultView/9172154
2026-05-22 20:31:41,812 [INFO] drilldown: Parsing page tables... found 1 tables
2026-05-22 20:31:41,823 [INFO] drilldown: Parsing Single-Packet table layout...
2026-05-22 20:31:41,861 [INFO] drilldown:   ✓ GEM/2026/B/7399330 enriched | winner= | bidders=2
2026-05-22 20:31:42,865 [INFO] drilldown: [8/10] Drilling GEM/2026/B/7529759
2026-05-22 20:31:42,868 [INFO] drilldown: Drilling details for bid: GEM/2026/B/7529759
2026-05-22 20:31:42,868 [INFO] drilldown: Navigating to direct result URL: https://bidplus.gem.gov.in/bidding/bid/getBidResultView/9318131
2026-05-22 20:31:45,471 [INFO] drilldown: Parsing page tables... found 2 tables
2026-05-22 20:31:45,492 [INFO] drilldown: Parsing Double-Packet table layouts...
2026-05-22 20:31:45,576 [INFO] drilldown:   ✓ GEM/2026/B/7529759 enriched | winner=VASU ENTERPRISE | bidders=3
2026-05-22 20:31:46,577 [INFO] drilldown: [9/10] Drilling GEM/2026/B/7525406
2026-05-22 20:31:46,577 [INFO] drilldown: Drilling details for bid: GEM/2026/B/7525406
2026-05-22 20:31:46,577 [INFO] drilldown: Navigating to direct result URL: https://bidplus.gem.gov.in/bidding/bid/getBidResultView/9313286
2026-05-22 20:31:49,181 [INFO] drilldown: Parsing page tables... found 0 tables
2026-05-22 20:31:49,181 [INFO] drilldown: Parsing Double-Packet table layouts...
2026-05-22 20:31:49,184 [INFO] drilldown:   ✓ GEM/2026/B/7525406 enriched | winner= | bidders=0
2026-05-22 20:31:50,185 [INFO] drilldown: [10/10] Drilling GEM/2026/B/7529503
2026-05-22 20:31:50,185 [INFO] drilldown: Drilling details for bid: GEM/2026/B/7529503
2026-05-22 20:31:50,185 [INFO] drilldown: Navigating to direct result URL: https://bidplus.gem.gov.in/bidding/bid/getBidResultView/9317851
2026-05-22 20:31:52,928 [INFO] drilldown: Parsing page tables... found 0 tables
2026-05-22 20:31:52,929 [INFO] drilldown: Parsing Double-Packet table layouts...
2026-05-22 20:31:52,934 [INFO] drilldown:   ✓ GEM/2026/B/7529503 enriched | winner= | bidders=0
2026-05-22 20:31:53,934 [INFO] pipeline: Drilldown Scraper phase finished.
2026-05-22 20:31:53,935 [INFO] pipeline: Closing browser...
2026-05-22 20:31:53,974 [INFO] pipeline: Starting Data Cleaning & Insight Generation phase...
2026-05-22 20:32:03,452 [INFO] pipeline: Data cleaning completed successfully.
2026-05-22 20:32:03,452 [INFO] pipeline: Pipeline execution complete.
2026-05-22 20:39:46,554 [INFO] pipeline: Initializing database...
2026-05-22 20:39:46,555 [INFO] db: Database initialized successfully.
2026-05-22 20:39:46,555 [INFO] pipeline: Launching browser (headless=True, slow_mo=150ms)...
2026-05-22 20:39:47,139 [INFO] pipeline: Currently stored bids in database: 33
2026-05-22 20:39:47,139 [INFO] pipeline: Starting Listing Scraper phase...
2026-05-22 20:39:47,140 [INFO] listing: Applying Awarded filter...
2026-05-22 20:39:51,790 [INFO] listing: Clicked #bidrastatus via JS
2026-05-22 20:39:53,812 [INFO] listing: Clicked #bid_awarded via JS
2026-05-22 20:39:58,817 [INFO] listing: Filter applied successfully.
2026-05-22 20:39:58,817 [INFO] listing: Scraping listing page 1 | collected=0
2026-05-22 20:39:58,937 [INFO] listing:   → 10 bids on page 1
2026-05-22 20:39:58,948 [INFO] listing: No next page found - listing phase complete.
2026-05-22 20:39:58,948 [INFO] listing: Listing scrape finished. Collected total of 10 bids.
2026-05-22 20:39:58,948 [INFO] pipeline: Listing Scraper phase finished. Scraped 10 bids on this run.
2026-05-22 20:39:58,948 [INFO] pipeline: Bids pending detailed extraction: 10
2026-05-22 20:39:58,949 [INFO] pipeline: Starting Drilldown Scraper phase for 10 bids...
2026-05-22 20:39:58,950 [INFO] drilldown: [1/10] Drilling GEM/2026/B/7560808
2026-05-22 20:39:58,950 [INFO] drilldown: Drilling details for bid: GEM/2026/B/7560808
2026-05-22 20:39:58,950 [INFO] drilldown: Navigating to direct result URL: https://bidplus.gem.gov.in/bidding/bid/getSinglePacketResultView/9352405
2026-05-22 20:40:01,585 [INFO] drilldown: Parsing page tables... found 1 tables
2026-05-22 20:40:01,594 [INFO] drilldown: Parsing Single-Packet table layout...
2026-05-22 20:40:01,618 [INFO] drilldown:   ✓ GEM/2026/B/7560808 enriched | winner=SHANTI INTERNATIONAL | bidders=1
2026-05-22 20:40:02,619 [INFO] drilldown: [2/10] Drilling GEM/2026/B/7532265
2026-05-22 20:40:02,619 [INFO] drilldown: Drilling details for bid: GEM/2026/B/7532265
2026-05-22 20:40:02,620 [INFO] drilldown: Navigating to direct result URL: https://bidplus.gem.gov.in/bidding/bid/getSinglePacketResultView/9320803
2026-05-22 20:40:05,225 [INFO] drilldown: Parsing page tables... found 1 tables
2026-05-22 20:40:05,235 [INFO] drilldown: Parsing Single-Packet table layout...
2026-05-22 20:40:05,275 [INFO] drilldown:   ✓ GEM/2026/B/7532265 enriched | winner=MAA BHAGWATI TRADERS | bidders=3
2026-05-22 20:40:06,277 [INFO] drilldown: [3/10] Drilling GEM/2026/B/7527288
2026-05-22 20:40:06,277 [INFO] drilldown: Drilling details for bid: GEM/2026/B/7527288
2026-05-22 20:40:06,278 [INFO] drilldown: Navigating to direct result URL: https://bidplus.gem.gov.in/bidding/bid/getBidResultView/9315399
2026-05-22 20:40:06,763 [WARNING] drilldown: Could not open via direct URL for GEM/2026/B/7527288: Page.goto: net::ERR_ABORTED at https://bidplus.gem.gov.in/bidding/bid/getBidResultView/9315399
Call log:
  - navigating to "https://bidplus.gem.gov.in/bidding/bid/getBidResultView/9315399", waiting until "domcontentloaded"

2026-05-22 20:40:06,764 [INFO] drilldown: Trying candidate URL: https://bidplus.gem.gov.in/bidding/bid/getBidResultView/GEM%2F2026%2FB%2F7527288
2026-05-22 20:40:06,966 [INFO] drilldown: Trying candidate URL: https://bidplus.gem.gov.in/bidding/bid/getSinglePacketResultView/GEM%2F2026%2FB%2F7527288
2026-05-22 20:40:07,169 [WARNING] drilldown: Could not load result page for GEM/2026/B/7527288
2026-05-22 20:40:08,174 [INFO] drilldown: [4/10] Drilling GEM/2025/B/6840345
2026-05-22 20:40:08,175 [INFO] drilldown: Drilling details for bid: GEM/2025/B/6840345
2026-05-22 20:40:08,175 [INFO] drilldown: Navigating to direct result URL: https://bidplus.gem.gov.in/bidding/bid/getBidResultView/8530374
2026-05-22 20:40:11,025 [INFO] drilldown: Parsing page tables... found 0 tables
2026-05-22 20:40:11,025 [INFO] drilldown: Parsing Double-Packet table layouts...
2026-05-22 20:40:11,029 [INFO] drilldown:   ✓ GEM/2025/B/6840345 enriched | winner= | bidders=0
2026-05-22 20:40:12,031 [INFO] drilldown: [5/10] Drilling GEM/2026/B/7558891
2026-05-22 20:40:12,031 [INFO] drilldown: Drilling details for bid: GEM/2026/B/7558891
2026-05-22 20:40:12,031 [INFO] drilldown: Navigating to direct result URL: https://bidplus.gem.gov.in/bidding/bid/getBidResultView/9350346
2026-05-22 20:40:14,642 [INFO] drilldown: Parsing page tables... found 2 tables
2026-05-22 20:40:14,660 [INFO] drilldown: Parsing Double-Packet table layouts...
2026-05-22 20:40:14,743 [INFO] drilldown:   ✓ GEM/2026/B/7558891 enriched | winner=G.U. ENTERPRISES | bidders=5
2026-05-22 20:40:15,745 [INFO] drilldown: [6/10] Drilling GEM/2026/B/7480328
2026-05-22 20:40:15,745 [INFO] drilldown: Drilling details for bid: GEM/2026/B/7480328
2026-05-22 20:40:15,745 [INFO] drilldown: Navigating to direct result URL: https://bidplus.gem.gov.in/bidding/bid/getSinglePacketResultView/9263102
2026-05-22 20:40:18,333 [INFO] drilldown: Parsing page tables... found 1 tables
2026-05-22 20:40:18,350 [INFO] drilldown: Parsing Single-Packet table layout...
2026-05-22 20:40:18,370 [INFO] drilldown:   ✓ GEM/2026/B/7480328 enriched | winner=GEMINI POWER HYDRAULICS PRIVATE LIMITED | bidders=1
2026-05-22 20:40:19,372 [INFO] drilldown: [7/10] Drilling GEM/2026/B/7399330
2026-05-22 20:40:19,372 [INFO] drilldown: Drilling details for bid: GEM/2026/B/7399330
2026-05-22 20:40:19,373 [INFO] drilldown: Navigating to direct result URL: https://bidplus.gem.gov.in/bidding/bid/getBidResultView/9172154
2026-05-22 20:40:22,320 [INFO] drilldown: Parsing page tables... found 0 tables
2026-05-22 20:40:22,320 [INFO] drilldown: Parsing Double-Packet table layouts...
2026-05-22 20:40:22,323 [INFO] drilldown:   ✓ GEM/2026/B/7399330 enriched | winner= | bidders=0
2026-05-22 20:40:23,324 [INFO] drilldown: [8/10] Drilling GEM/2026/B/7529759
2026-05-22 20:40:23,324 [INFO] drilldown: Drilling details for bid: GEM/2026/B/7529759
2026-05-22 20:40:23,324 [INFO] drilldown: Navigating to direct result URL: https://bidplus.gem.gov.in/bidding/bid/getBidResultView/9318131
2026-05-22 20:40:26,005 [INFO] drilldown: Parsing page tables... found 2 tables
2026-05-22 20:40:26,020 [INFO] drilldown: Parsing Double-Packet table layouts...
2026-05-22 20:40:26,086 [INFO] drilldown:   ✓ GEM/2026/B/7529759 enriched | winner=VASU ENTERPRISE | bidders=3
2026-05-22 20:40:27,088 [INFO] drilldown: [9/10] Drilling GEM/2026/B/7525406
2026-05-22 20:40:27,088 [INFO] drilldown: Drilling details for bid: GEM/2026/B/7525406
2026-05-22 20:40:27,088 [INFO] drilldown: Navigating to direct result URL: https://bidplus.gem.gov.in/bidding/bid/getBidResultView/9313286
2026-05-22 20:40:29,710 [INFO] drilldown: Parsing page tables... found 2 tables
2026-05-22 20:40:29,730 [INFO] drilldown: Parsing Double-Packet table layouts...
2026-05-22 20:40:29,797 [INFO] drilldown:   ✓ GEM/2026/B/7525406 enriched | winner=POOJA ENTERPRISES | bidders=3
2026-05-22 20:40:30,798 [INFO] drilldown: [10/10] Drilling GEM/2026/B/7383212
2026-05-22 20:40:30,798 [INFO] drilldown: Drilling details for bid: GEM/2026/B/7383212
2026-05-22 20:40:30,798 [INFO] drilldown: Navigating to direct result URL: https://bidplus.gem.gov.in/bidding/bid/getBidResultView/9153399
2026-05-22 20:40:33,493 [INFO] drilldown: Parsing page tables... found 0 tables
2026-05-22 20:40:33,494 [INFO] drilldown: Parsing Double-Packet table layouts...
2026-05-22 20:40:33,498 [INFO] drilldown:   ✓ GEM/2026/B/7383212 enriched | winner= | bidders=0
2026-05-22 20:40:34,499 [INFO] pipeline: Drilldown Scraper phase finished.
2026-05-22 20:40:34,500 [INFO] pipeline: Closing browser...
2026-05-22 20:40:34,543 [INFO] pipeline: Starting Data Cleaning & Insight Generation phase...
2026-05-22 20:40:34,914 [INFO] pipeline: Data cleaning completed successfully.
2026-05-22 20:40:34,915 [INFO] pipeline: Pipeline execution complete.
2026-05-22 20:43:21,381 [INFO] pipeline: Initializing database...
2026-05-22 20:43:21,382 [INFO] db: Database initialized successfully.
2026-05-22 20:43:21,382 [INFO] pipeline: Launching browser (headless=True, slow_mo=150ms)...
2026-05-22 20:43:21,998 [INFO] pipeline: Currently stored bids in database: 33
2026-05-22 20:43:21,999 [INFO] pipeline: Starting Listing Scraper phase...
2026-05-22 20:43:21,999 [INFO] listing: Applying Awarded filter...
2026-05-22 20:43:26,632 [INFO] listing: Clicked #bidrastatus via JS
2026-05-22 20:43:28,647 [INFO] listing: Clicked #bid_awarded via JS
2026-05-22 20:43:33,649 [INFO] listing: Filter applied successfully.
2026-05-22 20:43:33,650 [INFO] listing: Scraping listing page 1 | collected=0
2026-05-22 20:43:33,784 [INFO] listing:   → 10 bids on page 1
2026-05-22 20:43:33,795 [INFO] listing: No next page found - listing phase complete.
2026-05-22 20:43:33,795 [INFO] listing: Listing scrape finished. Collected total of 10 bids.
2026-05-22 20:43:33,795 [INFO] pipeline: Listing Scraper phase finished. Scraped 10 bids on this run.
2026-05-22 20:43:33,796 [INFO] pipeline: Bids pending detailed extraction: 10
2026-05-22 20:43:33,796 [INFO] pipeline: Starting Drilldown Scraper phase for 10 bids...
2026-05-22 20:43:33,796 [INFO] drilldown: [1/10] Drilling GEM/2026/B/7560808
2026-05-22 20:43:33,796 [INFO] drilldown: Drilling details for bid: GEM/2026/B/7560808
2026-05-22 20:43:33,796 [INFO] drilldown: Navigating to direct result URL: https://bidplus.gem.gov.in/bidding/bid/getSinglePacketResultView/9352405
2026-05-22 20:43:36,481 [INFO] drilldown: Parsing page tables... found 0 tables
2026-05-22 20:43:36,481 [INFO] drilldown: Parsing Double-Packet table layouts...
2026-05-22 20:43:36,485 [INFO] drilldown:   ✓ GEM/2026/B/7560808 enriched | winner= | bidders=0
2026-05-22 20:43:37,486 [INFO] drilldown: [2/10] Drilling GEM/2026/B/7532265
2026-05-22 20:43:37,486 [INFO] drilldown: Drilling details for bid: GEM/2026/B/7532265
2026-05-22 20:43:37,486 [INFO] drilldown: Navigating to direct result URL: https://bidplus.gem.gov.in/bidding/bid/getSinglePacketResultView/9320803
2026-05-22 20:43:40,164 [INFO] drilldown: Parsing page tables... found 1 tables
2026-05-22 20:43:40,173 [INFO] drilldown: Parsing Single-Packet table layout...
2026-05-22 20:43:40,212 [INFO] drilldown:   ✓ GEM/2026/B/7532265 enriched | winner=MAA BHAGWATI TRADERS | bidders=3
2026-05-22 20:43:41,213 [INFO] drilldown: [3/10] Drilling GEM/2026/B/7527288
2026-05-22 20:43:41,214 [INFO] drilldown: Drilling details for bid: GEM/2026/B/7527288
2026-05-22 20:43:41,214 [INFO] drilldown: Navigating to direct result URL: https://bidplus.gem.gov.in/bidding/bid/getBidResultView/9315399
2026-05-22 20:43:43,958 [ERROR] drilldown: Drilldown failed for GEM/2026/B/7527288: Page.query_selector_all: Execution context was destroyed, most likely because of a navigation
2026-05-22 20:43:44,964 [INFO] drilldown: [4/10] Drilling GEM/2025/B/6840345
2026-05-22 20:43:44,964 [INFO] drilldown: Drilling details for bid: GEM/2025/B/6840345
2026-05-22 20:43:44,964 [INFO] drilldown: Navigating to direct result URL: https://bidplus.gem.gov.in/bidding/bid/getBidResultView/8530374
2026-05-22 20:43:47,642 [INFO] drilldown: Parsing page tables... found 0 tables
2026-05-22 20:43:47,642 [INFO] drilldown: Parsing Double-Packet table layouts...
2026-05-22 20:43:47,647 [INFO] drilldown:   ✓ GEM/2025/B/6840345 enriched | winner= | bidders=0
2026-05-22 20:43:48,648 [INFO] drilldown: [5/10] Drilling GEM/2026/B/7558891
2026-05-22 20:43:48,648 [INFO] drilldown: Drilling details for bid: GEM/2026/B/7558891
2026-05-22 20:43:48,648 [INFO] drilldown: Navigating to direct result URL: https://bidplus.gem.gov.in/bidding/bid/getBidResultView/9350346
2026-05-22 20:43:51,317 [INFO] drilldown: Parsing page tables... found 2 tables
2026-05-22 20:43:51,337 [INFO] drilldown: Parsing Double-Packet table layouts...
2026-05-22 20:43:51,421 [INFO] drilldown:   ✓ GEM/2026/B/7558891 enriched | winner=G.U. ENTERPRISES | bidders=5
2026-05-22 20:43:51,562 [INFO] pipeline: Initializing database...
2026-05-22 20:43:51,563 [INFO] db: Database initialized successfully.
2026-05-22 20:43:51,563 [INFO] pipeline: Launching browser (headless=True, slow_mo=150ms)...
2026-05-22 20:43:51,853 [INFO] pipeline: Currently stored bids in database: 33
2026-05-22 20:43:51,853 [INFO] pipeline: Starting Listing Scraper phase...
2026-05-22 20:43:51,854 [INFO] listing: Applying Awarded filter...
2026-05-22 20:43:52,423 [INFO] drilldown: [6/10] Drilling GEM/2026/B/7480328
2026-05-22 20:43:52,423 [INFO] drilldown: Drilling details for bid: GEM/2026/B/7480328
2026-05-22 20:43:52,424 [INFO] drilldown: Navigating to direct result URL: https://bidplus.gem.gov.in/bidding/bid/getSinglePacketResultView/9263102
2026-05-22 20:43:52,842 [WARNING] drilldown: Could not open via direct URL for GEM/2026/B/7480328: Page.goto: net::ERR_ABORTED at https://bidplus.gem.gov.in/bidding/bid/getSinglePacketResultView/9263102
Call log:
  - navigating to "https://bidplus.gem.gov.in/bidding/bid/getSinglePacketResultView/9263102", waiting until "domcontentloaded"

2026-05-22 20:43:52,842 [INFO] drilldown: Trying candidate URL: https://bidplus.gem.gov.in/bidding/bid/getBidResultView/GEM%2F2026%2FB%2F7480328
2026-05-22 20:43:53,041 [INFO] drilldown: Trying candidate URL: https://bidplus.gem.gov.in/bidding/bid/getSinglePacketResultView/GEM%2F2026%2FB%2F7480328
2026-05-22 20:43:53,238 [WARNING] drilldown: Could not load result page for GEM/2026/B/7480328
2026-05-22 20:43:54,240 [INFO] drilldown: [7/10] Drilling GEM/2026/B/7399330
2026-05-22 20:43:54,241 [INFO] drilldown: Drilling details for bid: GEM/2026/B/7399330
2026-05-22 20:43:54,241 [INFO] drilldown: Navigating to direct result URL: https://bidplus.gem.gov.in/bidding/bid/getBidResultView/9172154
2026-05-22 20:43:56,534 [INFO] listing: Clicked #bidrastatus via JS
2026-05-22 20:43:56,913 [INFO] drilldown: Parsing page tables... found 1 tables
2026-05-22 20:43:56,929 [INFO] drilldown: Parsing Single-Packet table layout...
2026-05-22 20:43:56,965 [INFO] drilldown:   ✓ GEM/2026/B/7399330 enriched | winner= | bidders=2
2026-05-22 20:43:57,967 [INFO] drilldown: [8/10] Drilling GEM/2026/B/7529759
2026-05-22 20:43:57,967 [INFO] drilldown: Drilling details for bid: GEM/2026/B/7529759
2026-05-22 20:43:57,967 [INFO] drilldown: Navigating to direct result URL: https://bidplus.gem.gov.in/bidding/bid/getBidResultView/9318131
2026-05-22 20:43:58,543 [INFO] listing: Clicked #bid_awarded via JS
2026-05-22 20:44:00,577 [INFO] drilldown: Parsing page tables... found 2 tables
2026-05-22 20:44:00,608 [INFO] drilldown: Parsing Double-Packet table layouts...
2026-05-22 20:44:00,696 [INFO] drilldown:   ✓ GEM/2026/B/7529759 enriched | winner=VASU ENTERPRISE | bidders=3
2026-05-22 20:44:01,697 [INFO] drilldown: [9/10] Drilling GEM/2026/B/7525406
2026-05-22 20:44:01,697 [INFO] drilldown: Drilling details for bid: GEM/2026/B/7525406
2026-05-22 20:44:01,698 [INFO] drilldown: Navigating to direct result URL: https://bidplus.gem.gov.in/bidding/bid/getBidResultView/9313286
2026-05-22 20:44:03,547 [INFO] listing: Filter applied successfully.
2026-05-22 20:44:03,548 [INFO] listing: Scraping listing page 1 | collected=0
2026-05-22 20:44:03,678 [INFO] listing:   → 10 bids on page 1
2026-05-22 20:44:03,688 [INFO] listing: No next page found - listing phase complete.
2026-05-22 20:44:03,688 [INFO] listing: Listing scrape finished. Collected total of 10 bids.
2026-05-22 20:44:03,688 [INFO] pipeline: Listing Scraper phase finished. Scraped 10 bids on this run.
2026-05-22 20:44:03,688 [INFO] pipeline: Listing-only flag provided. Skipping drilldown phase.
2026-05-22 20:44:03,688 [INFO] pipeline: Closing browser...
2026-05-22 20:44:03,718 [INFO] pipeline: Starting Data Cleaning & Insight Generation phase...
2026-05-22 20:44:04,135 [INFO] pipeline: Data cleaning completed successfully.
2026-05-22 20:44:04,136 [INFO] pipeline: Pipeline execution complete.
2026-05-22 20:44:04,475 [INFO] drilldown: Parsing page tables... found 0 tables
2026-05-22 20:44:04,476 [INFO] drilldown: Parsing Double-Packet table layouts...
2026-05-22 20:44:04,480 [INFO] drilldown:   ✓ GEM/2026/B/7525406 enriched | winner= | bidders=0
2026-05-22 20:44:05,481 [INFO] drilldown: [10/10] Drilling GEM/2026/B/7383212
2026-05-22 20:44:05,481 [INFO] drilldown: Drilling details for bid: GEM/2026/B/7383212
2026-05-22 20:44:05,481 [INFO] drilldown: Navigating to direct result URL: https://bidplus.gem.gov.in/bidding/bid/getBidResultView/9153399
2026-05-22 20:44:08,252 [ERROR] drilldown: Drilldown failed for GEM/2026/B/7383212: Page.query_selector_all: Execution context was destroyed, most likely because of a navigation
2026-05-22 20:44:09,257 [INFO] pipeline: Drilldown Scraper phase finished.
2026-05-22 20:44:09,257 [INFO] pipeline: Closing browser...
2026-05-22 20:44:09,291 [INFO] pipeline: Starting Data Cleaning & Insight Generation phase...
2026-05-22 20:44:09,572 [INFO] pipeline: Data cleaning completed successfully.
2026-05-22 20:44:09,572 [INFO] pipeline: Pipeline execution complete.
2026-05-22 20:44:58,739 [INFO] pipeline: Initializing database...
2026-05-22 20:44:58,739 [INFO] db: Database initialized successfully.
2026-05-22 20:44:58,739 [INFO] pipeline: Launching browser (headless=True, slow_mo=150ms)...
2026-05-22 20:44:59,031 [INFO] pipeline: Currently stored bids in database: 33
2026-05-22 20:44:59,031 [INFO] pipeline: Drilldown-only flag provided. Skipping listing phase.
2026-05-22 20:44:59,031 [INFO] pipeline: Listing phase skipped (sufficient bids in DB or explicitly skipped).
2026-05-22 20:44:59,032 [INFO] pipeline: Bids pending detailed extraction: 9
2026-05-22 20:44:59,032 [INFO] pipeline: Starting Drilldown Scraper phase for 9 bids...
2026-05-22 20:44:59,032 [INFO] drilldown: [1/9] Drilling GEM/2026/B/7560808
2026-05-22 20:44:59,032 [INFO] drilldown: Drilling details for bid: GEM/2026/B/7560808
2026-05-22 20:44:59,032 [INFO] drilldown: Navigating to direct result URL: https://bidplus.gem.gov.in/bidding/bid/getSinglePacketResultView/9352405
2026-05-22 20:45:02,559 [ERROR] drilldown: Drilldown failed for GEM/2026/B/7560808: Page.query_selector_all: Execution context was destroyed, most likely because of a navigation
2026-05-22 20:45:03,563 [INFO] drilldown: [2/9] Drilling GEM/2026/B/7532265
2026-05-22 20:45:03,564 [INFO] drilldown: Drilling details for bid: GEM/2026/B/7532265
2026-05-22 20:45:03,564 [INFO] drilldown: Navigating to direct result URL: https://bidplus.gem.gov.in/bidding/bid/getSinglePacketResultView/9320803
2026-05-22 20:45:06,261 [INFO] drilldown: Parsing page tables... found 1 tables
2026-05-22 20:45:06,281 [INFO] drilldown: Parsing Single-Packet table layout...
2026-05-22 20:45:06,332 [INFO] drilldown:   ✓ GEM/2026/B/7532265 enriched | winner=MAA BHAGWATI TRADERS | bidders=3
2026-05-22 20:45:07,333 [INFO] drilldown: [3/9] Drilling GEM/2026/B/7527288
2026-05-22 20:45:07,334 [INFO] drilldown: Drilling details for bid: GEM/2026/B/7527288
2026-05-22 20:45:07,334 [INFO] drilldown: Navigating to direct result URL: https://bidplus.gem.gov.in/bidding/bid/getBidResultView/9315399
2026-05-22 20:45:09,985 [INFO] drilldown: Parsing page tables... found 2 tables
2026-05-22 20:45:10,007 [INFO] drilldown: Parsing Double-Packet table layouts...
2026-05-22 20:45:10,081 [INFO] drilldown:   ✓ GEM/2026/B/7527288 enriched | winner=MAHAVIR MOTOR | bidders=3
2026-05-22 20:45:11,083 [INFO] drilldown: [4/9] Drilling GEM/2025/B/6840345
2026-05-22 20:45:11,083 [INFO] drilldown: Drilling details for bid: GEM/2025/B/6840345
2026-05-22 20:45:11,083 [INFO] drilldown: Navigating to direct result URL: https://bidplus.gem.gov.in/bidding/bid/getBidResultView/8530374
2026-05-22 20:45:13,687 [INFO] drilldown: Parsing page tables... found 1 tables
2026-05-22 20:45:13,701 [INFO] drilldown: Parsing Single-Packet table layout...
2026-05-22 20:45:13,856 [INFO] drilldown:   ✓ GEM/2025/B/6840345 enriched | winner= | bidders=13
2026-05-22 20:45:14,857 [INFO] drilldown: [5/9] Drilling GEM/2026/B/7558891
2026-05-22 20:45:14,857 [INFO] drilldown: Drilling details for bid: GEM/2026/B/7558891
2026-05-22 20:45:14,857 [INFO] drilldown: Navigating to direct result URL: https://bidplus.gem.gov.in/bidding/bid/getBidResultView/9350346
2026-05-22 20:45:17,454 [INFO] drilldown: Parsing page tables... found 2 tables
2026-05-22 20:45:17,475 [INFO] drilldown: Parsing Double-Packet table layouts...
2026-05-22 20:45:17,565 [INFO] drilldown:   ✓ GEM/2026/B/7558891 enriched | winner=G.U. ENTERPRISES | bidders=5
2026-05-22 20:45:18,566 [INFO] drilldown: [6/9] Drilling GEM/2026/B/7480328
2026-05-22 20:45:18,566 [INFO] drilldown: Drilling details for bid: GEM/2026/B/7480328
2026-05-22 20:45:18,566 [INFO] drilldown: Navigating to direct result URL: https://bidplus.gem.gov.in/bidding/bid/getSinglePacketResultView/9263102
2026-05-22 20:45:18,999 [WARNING] drilldown: Could not open via direct URL for GEM/2026/B/7480328: Page.goto: net::ERR_ABORTED at https://bidplus.gem.gov.in/bidding/bid/getSinglePacketResultView/9263102
Call log:
  - navigating to "https://bidplus.gem.gov.in/bidding/bid/getSinglePacketResultView/9263102", waiting until "domcontentloaded"

2026-05-22 20:45:18,999 [INFO] drilldown: Trying candidate URL: https://bidplus.gem.gov.in/bidding/bid/getBidResultView/GEM%2F2026%2FB%2F7480328
2026-05-22 20:45:19,203 [INFO] drilldown: Trying candidate URL: https://bidplus.gem.gov.in/bidding/bid/getSinglePacketResultView/GEM%2F2026%2FB%2F7480328
2026-05-22 20:45:19,406 [WARNING] drilldown: Could not load result page for GEM/2026/B/7480328
2026-05-22 20:45:20,410 [INFO] drilldown: [7/9] Drilling GEM/2026/B/7399330
2026-05-22 20:45:20,410 [INFO] drilldown: Drilling details for bid: GEM/2026/B/7399330
2026-05-22 20:45:20,410 [INFO] drilldown: Navigating to direct result URL: https://bidplus.gem.gov.in/bidding/bid/getBidResultView/9172154
2026-05-22 20:45:23,055 [INFO] drilldown: Parsing page tables... found 0 tables
2026-05-22 20:45:23,055 [INFO] drilldown: Parsing Double-Packet table layouts...
2026-05-22 20:45:23,061 [INFO] drilldown:   ✓ GEM/2026/B/7399330 enriched | winner= | bidders=0
2026-05-22 20:45:24,061 [INFO] drilldown: [8/9] Drilling GEM/2026/B/7529759
2026-05-22 20:45:24,062 [INFO] drilldown: Drilling details for bid: GEM/2026/B/7529759
2026-05-22 20:45:24,062 [INFO] drilldown: Navigating to direct result URL: https://bidplus.gem.gov.in/bidding/bid/getBidResultView/9318131
2026-05-22 20:45:26,670 [INFO] drilldown: Parsing page tables... found 0 tables
2026-05-22 20:45:26,670 [INFO] drilldown: Parsing Double-Packet table layouts...
2026-05-22 20:45:26,674 [INFO] drilldown:   ✓ GEM/2026/B/7529759 enriched | winner= | bidders=0
2026-05-22 20:45:27,676 [INFO] drilldown: [9/9] Drilling GEM/2026/B/7383212
2026-05-22 20:45:27,676 [INFO] drilldown: Drilling details for bid: GEM/2026/B/7383212
2026-05-22 20:45:27,676 [INFO] drilldown: Navigating to direct result URL: https://bidplus.gem.gov.in/bidding/bid/getBidResultView/9153399
2026-05-22 20:45:30,346 [INFO] drilldown: Parsing page tables... found 0 tables
2026-05-22 20:45:30,347 [INFO] drilldown: Parsing Double-Packet table layouts...
2026-05-22 20:45:30,352 [INFO] drilldown:   ✓ GEM/2026/B/7383212 enriched | winner= | bidders=0
2026-05-22 20:45:31,353 [INFO] pipeline: Drilldown Scraper phase finished.
2026-05-22 20:45:31,354 [INFO] pipeline: Closing browser...
2026-05-22 20:45:31,393 [INFO] pipeline: Starting Data Cleaning & Insight Generation phase...
2026-05-22 20:45:31,846 [INFO] pipeline: Data cleaning completed successfully.
2026-05-22 20:45:31,846 [INFO] pipeline: Pipeline execution complete.
2026-05-22 20:45:46,139 [INFO] pipeline: Initializing database...
2026-05-22 20:45:46,139 [INFO] db: Database initialized successfully.
2026-05-22 20:45:46,139 [INFO] pipeline: Launching browser (headless=True, slow_mo=150ms)...
2026-05-22 20:45:46,462 [INFO] pipeline: Currently stored bids in database: 33
2026-05-22 20:45:46,462 [INFO] pipeline: Starting Listing Scraper phase...
2026-05-22 20:45:46,462 [INFO] listing: Applying Awarded filter...
2026-05-22 20:45:51,159 [INFO] listing: Clicked #bidrastatus via JS
2026-05-22 20:45:53,167 [INFO] listing: Clicked #bid_awarded via JS
2026-05-22 20:45:58,169 [INFO] listing: Filter applied successfully.
2026-05-22 20:45:58,170 [INFO] listing: Scraping listing page 1 | collected=0
2026-05-22 20:45:58,301 [INFO] listing:   → 10 bids on page 1
2026-05-22 20:45:58,312 [INFO] listing: No next page found - listing phase complete.
2026-05-22 20:45:58,312 [INFO] listing: Listing scrape finished. Collected total of 10 bids.
2026-05-22 20:45:58,312 [INFO] pipeline: Listing Scraper phase finished. Scraped 10 bids on this run.
2026-05-22 20:45:58,312 [INFO] pipeline: Bids pending detailed extraction: 10
2026-05-22 20:45:58,312 [INFO] pipeline: Starting Drilldown Scraper phase for 10 bids...
2026-05-22 20:45:58,312 [INFO] drilldown: [1/10] Drilling GEM/2026/B/7560808
2026-05-22 20:45:58,312 [INFO] drilldown: Drilling details for bid: GEM/2026/B/7560808
2026-05-22 20:45:58,312 [INFO] drilldown: Navigating to direct result URL: https://bidplus.gem.gov.in/bidding/bid/getSinglePacketResultView/9352405
2026-05-22 20:46:00,976 [INFO] drilldown: Parsing page tables... found 1 tables
2026-05-22 20:46:00,987 [INFO] drilldown: Parsing Single-Packet table layout...
2026-05-22 20:46:01,008 [INFO] drilldown:   ✓ GEM/2026/B/7560808 enriched | winner=SHANTI INTERNATIONAL | bidders=1
2026-05-22 20:46:02,009 [INFO] drilldown: [2/10] Drilling GEM/2026/B/7532265
2026-05-22 20:46:02,009 [INFO] drilldown: Drilling details for bid: GEM/2026/B/7532265
2026-05-22 20:46:02,009 [INFO] drilldown: Navigating to direct result URL: https://bidplus.gem.gov.in/bidding/bid/getSinglePacketResultView/9320803
2026-05-22 20:46:04,648 [INFO] drilldown: Parsing page tables... found 0 tables
2026-05-22 20:46:04,648 [INFO] drilldown: Parsing Double-Packet table layouts...
2026-05-22 20:46:04,653 [INFO] drilldown:   ✓ GEM/2026/B/7532265 enriched | winner= | bidders=0
2026-05-22 20:46:05,654 [INFO] drilldown: [3/10] Drilling GEM/2026/B/7527288
2026-05-22 20:46:05,654 [INFO] drilldown: Drilling details for bid: GEM/2026/B/7527288
2026-05-22 20:46:05,655 [INFO] drilldown: Navigating to direct result URL: https://bidplus.gem.gov.in/bidding/bid/getBidResultView/9315399
2026-05-22 20:46:08,312 [INFO] drilldown: Parsing page tables... found 2 tables
2026-05-22 20:46:08,328 [INFO] drilldown: Parsing Double-Packet table layouts...
2026-05-22 20:46:08,398 [INFO] drilldown:   ✓ GEM/2026/B/7527288 enriched | winner=MAHAVIR MOTOR | bidders=3
2026-05-22 20:46:09,398 [INFO] drilldown: [4/10] Drilling GEM/2025/B/6840345
2026-05-22 20:46:09,398 [INFO] drilldown: Drilling details for bid: GEM/2025/B/6840345
2026-05-22 20:46:09,398 [INFO] drilldown: Navigating to direct result URL: https://bidplus.gem.gov.in/bidding/bid/getBidResultView/8530374
2026-05-22 20:46:12,058 [INFO] drilldown: Parsing page tables... found 1 tables
2026-05-22 20:46:12,076 [INFO] drilldown: Parsing Single-Packet table layout...
2026-05-22 20:46:12,242 [INFO] drilldown:   ✓ GEM/2025/B/6840345 enriched | winner= | bidders=13
2026-05-22 20:46:13,243 [INFO] drilldown: [5/10] Drilling GEM/2026/B/7558891
2026-05-22 20:46:13,243 [INFO] drilldown: Drilling details for bid: GEM/2026/B/7558891
2026-05-22 20:46:13,243 [INFO] drilldown: Navigating to direct result URL: https://bidplus.gem.gov.in/bidding/bid/getBidResultView/9350346
2026-05-22 20:46:15,842 [INFO] drilldown: Parsing page tables... found 2 tables
2026-05-22 20:46:15,857 [INFO] drilldown: Parsing Double-Packet table layouts...
2026-05-22 20:46:15,938 [INFO] drilldown:   ✓ GEM/2026/B/7558891 enriched | winner=G.U. ENTERPRISES | bidders=5
2026-05-22 20:46:16,939 [INFO] drilldown: [6/10] Drilling GEM/2026/B/7480328
2026-05-22 20:46:16,940 [INFO] drilldown: Drilling details for bid: GEM/2026/B/7480328
2026-05-22 20:46:16,940 [INFO] drilldown: Navigating to direct result URL: https://bidplus.gem.gov.in/bidding/bid/getSinglePacketResultView/9263102
2026-05-22 20:46:19,516 [INFO] drilldown: Parsing page tables... found 0 tables
2026-05-22 20:46:19,517 [INFO] drilldown: Parsing Double-Packet table layouts...
2026-05-22 20:46:19,520 [INFO] drilldown:   ✓ GEM/2026/B/7480328 enriched | winner= | bidders=0
2026-05-22 20:46:20,521 [INFO] drilldown: [7/10] Drilling GEM/2026/B/7399330
2026-05-22 20:46:20,522 [INFO] drilldown: Drilling details for bid: GEM/2026/B/7399330
2026-05-22 20:46:20,522 [INFO] drilldown: Navigating to direct result URL: https://bidplus.gem.gov.in/bidding/bid/getBidResultView/9172154
2026-05-22 20:46:23,173 [INFO] drilldown: Parsing page tables... found 1 tables
2026-05-22 20:46:23,190 [INFO] drilldown: Parsing Single-Packet table layout...
2026-05-22 20:46:23,236 [INFO] drilldown:   ✓ GEM/2026/B/7399330 enriched | winner= | bidders=2
2026-05-22 20:46:24,237 [INFO] drilldown: [8/10] Drilling GEM/2026/B/7529759
2026-05-22 20:46:24,237 [INFO] drilldown: Drilling details for bid: GEM/2026/B/7529759
2026-05-22 20:46:24,238 [INFO] drilldown: Navigating to direct result URL: https://bidplus.gem.gov.in/bidding/bid/getBidResultView/9318131
2026-05-22 20:46:24,711 [WARNING] drilldown: Could not open via direct URL for GEM/2026/B/7529759: Page.goto: net::ERR_ABORTED at https://bidplus.gem.gov.in/bidding/bid/getBidResultView/9318131
Call log:
  - navigating to "https://bidplus.gem.gov.in/bidding/bid/getBidResultView/9318131", waiting until "domcontentloaded"

2026-05-22 20:46:24,711 [INFO] drilldown: Trying candidate URL: https://bidplus.gem.gov.in/bidding/bid/getBidResultView/GEM%2F2026%2FB%2F7529759
2026-05-22 20:46:24,939 [INFO] drilldown: Trying candidate URL: https://bidplus.gem.gov.in/bidding/bid/getSinglePacketResultView/GEM%2F2026%2FB%2F7529759
2026-05-22 20:46:25,138 [WARNING] drilldown: Could not load result page for GEM/2026/B/7529759
2026-05-22 20:46:26,140 [INFO] drilldown: [9/10] Drilling GEM/2026/B/7525406
2026-05-22 20:46:26,141 [INFO] drilldown: Drilling details for bid: GEM/2026/B/7525406
2026-05-22 20:46:26,141 [INFO] drilldown: Navigating to direct result URL: https://bidplus.gem.gov.in/bidding/bid/getBidResultView/9313286
2026-05-22 20:46:28,825 [INFO] drilldown: Parsing page tables... found 2 tables
2026-05-22 20:46:28,842 [INFO] drilldown: Parsing Double-Packet table layouts...
2026-05-22 20:46:28,945 [INFO] drilldown:   ✓ GEM/2026/B/7525406 enriched | winner=POOJA ENTERPRISES | bidders=3
2026-05-22 20:46:29,947 [INFO] drilldown: [10/10] Drilling GEM/2026/B/7383212
2026-05-22 20:46:29,947 [INFO] drilldown: Drilling details for bid: GEM/2026/B/7383212
2026-05-22 20:46:29,947 [INFO] drilldown: Navigating to direct result URL: https://bidplus.gem.gov.in/bidding/bid/getBidResultView/9153399
2026-05-22 20:46:32,713 [INFO] drilldown: Parsing page tables... found 1 tables
2026-05-22 20:46:32,728 [INFO] drilldown: Parsing Single-Packet table layout...
2026-05-22 20:46:32,888 [INFO] drilldown:   ✓ GEM/2026/B/7383212 enriched | winner= | bidders=9
2026-05-22 20:46:33,889 [INFO] pipeline: Drilldown Scraper phase finished.
2026-05-22 20:46:33,889 [INFO] pipeline: Closing browser...
2026-05-22 20:46:33,933 [INFO] pipeline: Starting Data Cleaning & Insight Generation phase...
2026-05-22 20:46:34,396 [INFO] pipeline: Data cleaning completed successfully.
2026-05-22 20:46:34,396 [INFO] pipeline: Pipeline execution complete.
2026-05-22 20:48:20,587 [INFO] pipeline: Initializing database...
2026-05-22 20:48:20,588 [INFO] db: Database initialized successfully.
2026-05-22 20:48:20,588 [INFO] pipeline: Launching browser (headless=True, slow_mo=150ms)...
2026-05-22 20:48:21,240 [INFO] pipeline: Currently stored bids in database: 33
2026-05-22 20:48:21,240 [INFO] pipeline: Starting Listing Scraper phase...
2026-05-22 20:48:21,240 [INFO] listing: Applying Awarded filter...
2026-05-22 20:48:26,174 [INFO] listing: Clicked #bidrastatus via JS
2026-05-22 20:48:28,192 [INFO] listing: Clicked #bid_awarded via JS
2026-05-22 20:48:33,195 [INFO] listing: Filter applied successfully.
2026-05-22 20:48:33,196 [INFO] listing: Scraping listing page 1 | collected=0
2026-05-22 20:48:33,320 [INFO] listing:   → 10 bids on page 1
2026-05-22 20:48:33,329 [INFO] listing: No next page found - listing phase complete.
2026-05-22 20:48:33,329 [INFO] listing: Listing scrape finished. Collected total of 10 bids.
2026-05-22 20:48:33,329 [INFO] pipeline: Listing Scraper phase finished. Scraped 10 bids on this run.
2026-05-22 20:48:33,329 [INFO] pipeline: Listing-only flag provided. Skipping drilldown phase.
2026-05-22 20:48:33,329 [INFO] pipeline: Closing browser...
2026-05-22 20:48:33,355 [INFO] pipeline: Starting Data Cleaning & Insight Generation phase...
2026-05-22 20:48:33,755 [INFO] pipeline: Data cleaning completed successfully.
2026-05-22 20:48:33,755 [INFO] pipeline: Pipeline execution complete.
2026-05-22 20:48:36,599 [INFO] pipeline: Initializing database...
2026-05-22 20:48:36,599 [INFO] db: Database initialized successfully.
2026-05-22 20:48:36,600 [INFO] pipeline: Launching browser (headless=True, slow_mo=150ms)...
2026-05-22 20:48:36,875 [INFO] pipeline: Currently stored bids in database: 33
2026-05-22 20:48:36,875 [INFO] pipeline: Drilldown-only flag provided. Skipping listing phase.
2026-05-22 20:48:36,875 [INFO] pipeline: Listing phase skipped (sufficient bids in DB or explicitly skipped).
2026-05-22 20:48:36,876 [INFO] pipeline: Bids pending detailed extraction: 10
2026-05-22 20:48:36,876 [INFO] pipeline: Starting Drilldown Scraper phase for 10 bids...
2026-05-22 20:48:36,876 [INFO] drilldown: [1/10] Drilling GEM/2026/B/7560808
2026-05-22 20:48:36,876 [INFO] drilldown: Drilling details for bid: GEM/2026/B/7560808
2026-05-22 20:48:36,876 [INFO] drilldown: Navigating to direct result URL: https://bidplus.gem.gov.in/bidding/bid/getSinglePacketResultView/9352405
2026-05-22 20:48:40,494 [INFO] drilldown: Parsing page tables... found 1 tables
2026-05-22 20:48:40,507 [INFO] drilldown: Parsing Single-Packet table layout...
2026-05-22 20:48:40,530 [INFO] drilldown:   ✓ GEM/2026/B/7560808 enriched | winner=SHANTI INTERNATIONAL | bidders=1
2026-05-22 20:48:41,531 [INFO] drilldown: [2/10] Drilling GEM/2026/B/7532265
2026-05-22 20:48:41,532 [INFO] drilldown: Drilling details for bid: GEM/2026/B/7532265
2026-05-22 20:48:41,532 [INFO] drilldown: Navigating to direct result URL: https://bidplus.gem.gov.in/bidding/bid/getSinglePacketResultView/9320803
2026-05-22 20:48:44,208 [INFO] drilldown: Parsing page tables... found 0 tables
2026-05-22 20:48:44,208 [INFO] drilldown: Parsing Double-Packet table layouts...
2026-05-22 20:48:44,212 [INFO] drilldown:   ✓ GEM/2026/B/7532265 enriched | winner= | bidders=0
2026-05-22 20:48:45,214 [INFO] drilldown: [3/10] Drilling GEM/2026/B/7527288
2026-05-22 20:48:45,214 [INFO] drilldown: Drilling details for bid: GEM/2026/B/7527288
2026-05-22 20:48:45,215 [INFO] drilldown: Navigating to direct result URL: https://bidplus.gem.gov.in/bidding/bid/getBidResultView/9315399
2026-05-22 20:48:47,836 [INFO] drilldown: Parsing page tables... found 2 tables
2026-05-22 20:48:47,858 [INFO] drilldown: Parsing Double-Packet table layouts...
2026-05-22 20:48:47,927 [INFO] drilldown:   ✓ GEM/2026/B/7527288 enriched | winner=MAHAVIR MOTOR | bidders=3
2026-05-22 20:48:48,928 [INFO] drilldown: [4/10] Drilling GEM/2025/B/6840345
2026-05-22 20:48:48,928 [INFO] drilldown: Drilling details for bid: GEM/2025/B/6840345
2026-05-22 20:48:48,928 [INFO] drilldown: Navigating to direct result URL: https://bidplus.gem.gov.in/bidding/bid/getBidResultView/8530374
2026-05-22 20:48:51,546 [INFO] drilldown: Parsing page tables... found 0 tables
2026-05-22 20:48:51,546 [INFO] drilldown: Parsing Double-Packet table layouts...
2026-05-22 20:48:51,550 [INFO] drilldown:   ✓ GEM/2025/B/6840345 enriched | winner= | bidders=0
2026-05-22 20:48:52,551 [INFO] drilldown: [5/10] Drilling GEM/2026/B/7558891
2026-05-22 20:48:52,552 [INFO] drilldown: Drilling details for bid: GEM/2026/B/7558891
2026-05-22 20:48:52,552 [INFO] drilldown: Navigating to direct result URL: https://bidplus.gem.gov.in/bidding/bid/getBidResultView/9350346
2026-05-22 20:48:55,204 [INFO] drilldown: Parsing page tables... found 2 tables
2026-05-22 20:48:55,219 [INFO] drilldown: Parsing Double-Packet table layouts...
2026-05-22 20:48:55,300 [INFO] drilldown:   ✓ GEM/2026/B/7558891 enriched | winner=G.U. ENTERPRISES | bidders=5
2026-05-22 20:48:56,301 [INFO] drilldown: [6/10] Drilling GEM/2026/B/7480328
2026-05-22 20:48:56,301 [INFO] drilldown: Drilling details for bid: GEM/2026/B/7480328
2026-05-22 20:48:56,301 [INFO] drilldown: Navigating to direct result URL: https://bidplus.gem.gov.in/bidding/bid/getSinglePacketResultView/9263102
2026-05-22 20:48:58,919 [INFO] drilldown: Parsing page tables... found 1 tables
2026-05-22 20:48:58,937 [INFO] drilldown: Parsing Single-Packet table layout...
2026-05-22 20:48:58,957 [INFO] drilldown:   ✓ GEM/2026/B/7480328 enriched | winner=GEMINI POWER HYDRAULICS PRIVATE LIMITED | bidders=1
2026-05-22 20:48:59,958 [INFO] drilldown: [7/10] Drilling GEM/2026/B/7399330
2026-05-22 20:48:59,959 [INFO] drilldown: Drilling details for bid: GEM/2026/B/7399330
2026-05-22 20:48:59,959 [INFO] drilldown: Navigating to direct result URL: https://bidplus.gem.gov.in/bidding/bid/getBidResultView/9172154
2026-05-22 20:49:02,558 [INFO] drilldown: Parsing page tables... found 0 tables
2026-05-22 20:49:02,559 [INFO] drilldown: Parsing Double-Packet table layouts...
2026-05-22 20:49:02,562 [INFO] drilldown:   ✓ GEM/2026/B/7399330 enriched | winner= | bidders=0
2026-05-22 20:49:03,564 [INFO] drilldown: [8/10] Drilling GEM/2026/B/7529759
2026-05-22 20:49:03,564 [INFO] drilldown: Drilling details for bid: GEM/2026/B/7529759
2026-05-22 20:49:03,564 [INFO] drilldown: Navigating to direct result URL: https://bidplus.gem.gov.in/bidding/bid/getBidResultView/9318131
2026-05-22 20:49:06,218 [INFO] drilldown: Parsing page tables... found 0 tables
2026-05-22 20:49:06,218 [INFO] drilldown: Parsing Double-Packet table layouts...
2026-05-22 20:49:06,222 [INFO] drilldown:   ✓ GEM/2026/B/7529759 enriched | winner= | bidders=0
2026-05-22 20:49:07,223 [INFO] drilldown: [9/10] Drilling GEM/2026/B/7525406
2026-05-22 20:49:07,224 [INFO] drilldown: Drilling details for bid: GEM/2026/B/7525406
2026-05-22 20:49:07,224 [INFO] drilldown: Navigating to direct result URL: https://bidplus.gem.gov.in/bidding/bid/getBidResultView/9313286
2026-05-22 20:49:09,899 [INFO] drilldown: Parsing page tables... found 2 tables
2026-05-22 20:49:09,918 [INFO] drilldown: Parsing Double-Packet table layouts...
2026-05-22 20:49:09,993 [INFO] drilldown:   ✓ GEM/2026/B/7525406 enriched | winner=POOJA ENTERPRISES | bidders=3
2026-05-22 20:49:10,995 [INFO] drilldown: [10/10] Drilling GEM/2026/B/7383212
2026-05-22 20:49:10,995 [INFO] drilldown: Drilling details for bid: GEM/2026/B/7383212
2026-05-22 20:49:10,996 [INFO] drilldown: Navigating to direct result URL: https://bidplus.gem.gov.in/bidding/bid/getBidResultView/9153399
2026-05-22 20:49:13,593 [INFO] drilldown: Parsing page tables... found 0 tables
2026-05-22 20:49:13,593 [INFO] drilldown: Parsing Double-Packet table layouts...
2026-05-22 20:49:13,596 [INFO] drilldown:   ✓ GEM/2026/B/7383212 enriched | winner= | bidders=0
2026-05-22 20:49:14,598 [INFO] pipeline: Drilldown Scraper phase finished.
2026-05-22 20:49:14,598 [INFO] pipeline: Closing browser...
2026-05-22 20:49:14,645 [INFO] pipeline: Starting Data Cleaning & Insight Generation phase...
2026-05-22 20:49:15,016 [INFO] pipeline: Data cleaning completed successfully.
2026-05-22 20:49:15,017 [INFO] pipeline: Pipeline execution complete.
2026-05-22 20:49:20,985 [INFO] pipeline: Initializing database...
2026-05-22 20:49:20,986 [INFO] db: Database initialized successfully.
2026-05-22 20:49:20,986 [INFO] pipeline: Launching browser (headless=True, slow_mo=150ms)...
2026-05-22 20:49:21,268 [INFO] pipeline: Currently stored bids in database: 33
2026-05-22 20:49:21,268 [INFO] pipeline: Starting Listing Scraper phase...
2026-05-22 20:49:21,268 [INFO] listing: Applying Awarded filter...
2026-05-22 20:49:25,854 [INFO] listing: Clicked #bidrastatus via JS
2026-05-22 20:49:27,862 [INFO] listing: Clicked #bid_awarded via JS
2026-05-22 20:49:32,870 [INFO] listing: Filter applied successfully.
2026-05-22 20:49:32,871 [INFO] listing: Scraping listing page 1 | collected=0
2026-05-22 20:49:33,027 [INFO] listing:   → 10 bids on page 1
2026-05-22 20:49:33,038 [INFO] listing: No next page found - listing phase complete.
2026-05-22 20:49:33,038 [INFO] listing: Listing scrape finished. Collected total of 10 bids.
2026-05-22 20:49:33,038 [INFO] pipeline: Listing Scraper phase finished. Scraped 10 bids on this run.
2026-05-22 20:49:33,039 [INFO] pipeline: Bids pending detailed extraction: 10
2026-05-22 20:49:33,039 [INFO] pipeline: Starting Drilldown Scraper phase for 10 bids...
2026-05-22 20:49:33,039 [INFO] drilldown: [1/10] Drilling GEM/2026/B/7560808
2026-05-22 20:49:33,039 [INFO] drilldown: Drilling details for bid: GEM/2026/B/7560808
2026-05-22 20:49:33,039 [INFO] drilldown: Navigating to direct result URL: https://bidplus.gem.gov.in/bidding/bid/getSinglePacketResultView/9352405
2026-05-22 20:49:35,744 [INFO] drilldown: Parsing page tables... found 0 tables
2026-05-22 20:49:35,744 [INFO] drilldown: Parsing Double-Packet table layouts...
2026-05-22 20:49:35,748 [INFO] drilldown:   ✓ GEM/2026/B/7560808 enriched | winner= | bidders=0
2026-05-22 20:49:36,749 [INFO] drilldown: [2/10] Drilling GEM/2026/B/7532265
2026-05-22 20:49:36,749 [INFO] drilldown: Drilling details for bid: GEM/2026/B/7532265
2026-05-22 20:49:36,750 [INFO] drilldown: Navigating to direct result URL: https://bidplus.gem.gov.in/bidding/bid/getSinglePacketResultView/9320803
2026-05-22 20:49:39,515 [ERROR] drilldown: Drilldown failed for GEM/2026/B/7532265: Page.query_selector_all: Execution context was destroyed, most likely because of a navigation
2026-05-22 20:49:40,518 [INFO] drilldown: [3/10] Drilling GEM/2026/B/7527288
2026-05-22 20:49:40,519 [INFO] drilldown: Drilling details for bid: GEM/2026/B/7527288
2026-05-22 20:49:40,519 [INFO] drilldown: Navigating to direct result URL: https://bidplus.gem.gov.in/bidding/bid/getBidResultView/9315399
2026-05-22 20:49:43,120 [INFO] drilldown: Parsing page tables... found 0 tables
2026-05-22 20:49:43,120 [INFO] drilldown: Parsing Double-Packet table layouts...
2026-05-22 20:49:43,123 [INFO] drilldown:   ✓ GEM/2026/B/7527288 enriched | winner= | bidders=0
2026-05-22 20:49:44,124 [INFO] drilldown: [4/10] Drilling GEM/2025/B/6840345
2026-05-22 20:49:44,124 [INFO] drilldown: Drilling details for bid: GEM/2025/B/6840345
2026-05-22 20:49:44,124 [INFO] drilldown: Navigating to direct result URL: https://bidplus.gem.gov.in/bidding/bid/getBidResultView/8530374
2026-05-22 20:49:46,759 [INFO] drilldown: Parsing page tables... found 1 tables
2026-05-22 20:49:46,775 [INFO] drilldown: Parsing Single-Packet table layout...
2026-05-22 20:49:46,943 [INFO] drilldown:   ✓ GEM/2025/B/6840345 enriched | winner= | bidders=13
2026-05-22 20:49:47,944 [INFO] drilldown: [5/10] Drilling GEM/2026/B/7558891
2026-05-22 20:49:47,945 [INFO] drilldown: Drilling details for bid: GEM/2026/B/7558891
2026-05-22 20:49:47,945 [INFO] drilldown: Navigating to direct result URL: https://bidplus.gem.gov.in/bidding/bid/getBidResultView/9350346
2026-05-22 20:49:50,528 [INFO] drilldown: Parsing page tables... found 2 tables
2026-05-22 20:49:50,548 [INFO] drilldown: Parsing Double-Packet table layouts...
2026-05-22 20:49:50,640 [INFO] drilldown:   ✓ GEM/2026/B/7558891 enriched | winner=G.U. ENTERPRISES | bidders=5
2026-05-22 20:49:51,642 [INFO] drilldown: [6/10] Drilling GEM/2026/B/7480328
2026-05-22 20:49:51,642 [INFO] drilldown: Drilling details for bid: GEM/2026/B/7480328
2026-05-22 20:49:51,642 [INFO] drilldown: Navigating to direct result URL: https://bidplus.gem.gov.in/bidding/bid/getSinglePacketResultView/9263102
2026-05-22 20:49:52,058 [WARNING] drilldown: Could not open via direct URL for GEM/2026/B/7480328: Page.goto: net::ERR_ABORTED at https://bidplus.gem.gov.in/bidding/bid/getSinglePacketResultView/9263102
Call log:
  - navigating to "https://bidplus.gem.gov.in/bidding/bid/getSinglePacketResultView/9263102", waiting until "domcontentloaded"

2026-05-22 20:49:52,058 [INFO] drilldown: Trying candidate URL: https://bidplus.gem.gov.in/bidding/bid/getBidResultView/GEM%2F2026%2FB%2F7480328
2026-05-22 20:49:52,294 [INFO] drilldown: Trying candidate URL: https://bidplus.gem.gov.in/bidding/bid/getSinglePacketResultView/GEM%2F2026%2FB%2F7480328
2026-05-22 20:49:52,504 [WARNING] drilldown: Could not load result page for GEM/2026/B/7480328
2026-05-22 20:49:53,506 [INFO] drilldown: [7/10] Drilling GEM/2026/B/7399330
2026-05-22 20:49:53,506 [INFO] drilldown: Drilling details for bid: GEM/2026/B/7399330
2026-05-22 20:49:53,506 [INFO] drilldown: Navigating to direct result URL: https://bidplus.gem.gov.in/bidding/bid/getBidResultView/9172154
2026-05-22 20:49:56,292 [INFO] drilldown: Parsing page tables... found 0 tables
2026-05-22 20:49:56,292 [INFO] drilldown: Parsing Double-Packet table layouts...
2026-05-22 20:49:56,295 [INFO] drilldown:   ✓ GEM/2026/B/7399330 enriched | winner= | bidders=0
2026-05-22 20:49:57,297 [INFO] drilldown: [8/10] Drilling GEM/2026/B/7529759
2026-05-22 20:49:57,297 [INFO] drilldown: Drilling details for bid: GEM/2026/B/7529759
2026-05-22 20:49:57,297 [INFO] drilldown: Navigating to direct result URL: https://bidplus.gem.gov.in/bidding/bid/getBidResultView/9318131
2026-05-22 20:49:59,920 [INFO] drilldown: Parsing page tables... found 2 tables
2026-05-22 20:49:59,943 [INFO] drilldown: Parsing Double-Packet table layouts...
2026-05-22 20:50:00,019 [INFO] drilldown:   ✓ GEM/2026/B/7529759 enriched | winner=VASU ENTERPRISE | bidders=3
2026-05-22 20:50:01,020 [INFO] drilldown: [9/10] Drilling GEM/2026/B/7525406
2026-05-22 20:50:01,020 [INFO] drilldown: Drilling details for bid: GEM/2026/B/7525406
2026-05-22 20:50:01,021 [INFO] drilldown: Navigating to direct result URL: https://bidplus.gem.gov.in/bidding/bid/getBidResultView/9313286
2026-05-22 20:50:01,460 [WARNING] drilldown: Could not open via direct URL for GEM/2026/B/7525406: Page.goto: net::ERR_ABORTED at https://bidplus.gem.gov.in/bidding/bid/getBidResultView/9313286
Call log:
  - navigating to "https://bidplus.gem.gov.in/bidding/bid/getBidResultView/9313286", waiting until "domcontentloaded"

2026-05-22 20:50:01,460 [INFO] drilldown: Trying candidate URL: https://bidplus.gem.gov.in/bidding/bid/getBidResultView/GEM%2F2026%2FB%2F7525406
2026-05-22 20:50:01,925 [INFO] drilldown: Trying candidate URL: https://bidplus.gem.gov.in/bidding/bid/getSinglePacketResultView/GEM%2F2026%2FB%2F7525406
2026-05-22 20:50:02,128 [WARNING] drilldown: Could not load result page for GEM/2026/B/7525406
2026-05-22 20:50:03,131 [INFO] drilldown: [10/10] Drilling GEM/2026/B/7383212
2026-05-22 20:50:03,131 [INFO] drilldown: Drilling details for bid: GEM/2026/B/7383212
2026-05-22 20:50:03,132 [INFO] drilldown: Navigating to direct result URL: https://bidplus.gem.gov.in/bidding/bid/getBidResultView/9153399
2026-05-22 20:50:05,795 [INFO] drilldown: Parsing page tables... found 1 tables
2026-05-22 20:50:05,810 [INFO] drilldown: Parsing Single-Packet table layout...
2026-05-22 20:50:05,916 [INFO] drilldown:   ✓ GEM/2026/B/7383212 enriched | winner= | bidders=9
2026-05-22 20:50:06,918 [INFO] pipeline: Drilldown Scraper phase finished.
2026-05-22 20:50:06,918 [INFO] pipeline: Closing browser...
2026-05-22 20:50:06,952 [INFO] pipeline: Starting Data Cleaning & Insight Generation phase...
2026-05-22 20:50:07,371 [INFO] pipeline: Data cleaning completed successfully.
2026-05-22 20:50:07,371 [INFO] pipeline: Pipeline execution complete.
2026-05-22 20:51:21,376 [INFO] pipeline: Initializing database...
2026-05-22 20:51:21,377 [INFO] db: Database initialized successfully.
2026-05-22 20:51:21,377 [INFO] pipeline: Launching browser (headless=True, slow_mo=150ms)...
2026-05-22 20:51:21,936 [INFO] pipeline: Currently stored bids in database: 33
2026-05-22 20:51:21,936 [INFO] pipeline: Drilldown-only flag provided. Skipping listing phase.
2026-05-22 20:51:21,936 [INFO] pipeline: Listing phase skipped (sufficient bids in DB or explicitly skipped).
2026-05-22 20:51:21,936 [INFO] pipeline: Bids pending detailed extraction: 3
2026-05-22 20:51:21,936 [INFO] pipeline: Starting Drilldown Scraper phase for 3 bids...
2026-05-22 20:51:21,936 [INFO] drilldown: [1/3] Drilling GEM/2026/B/7532265
2026-05-22 20:51:21,936 [INFO] drilldown: Drilling details for bid: GEM/2026/B/7532265
2026-05-22 20:51:21,936 [INFO] drilldown: Navigating to direct result URL: https://bidplus.gem.gov.in/bidding/bid/getSinglePacketResultView/9320803
2026-05-22 20:51:25,315 [INFO] drilldown: Parsing page tables... found 1 tables
2026-05-22 20:51:25,327 [INFO] drilldown: Parsing Single-Packet table layout...
2026-05-22 20:51:25,372 [INFO] drilldown:   ✓ GEM/2026/B/7532265 enriched | winner=MAA BHAGWATI TRADERS | bidders=3
2026-05-22 20:51:26,374 [INFO] drilldown: [2/3] Drilling GEM/2026/B/7480328
2026-05-22 20:51:26,374 [INFO] drilldown: Drilling details for bid: GEM/2026/B/7480328
2026-05-22 20:51:26,374 [INFO] drilldown: Navigating to direct result URL: https://bidplus.gem.gov.in/bidding/bid/getSinglePacketResultView/9263102
2026-05-22 20:51:28,952 [INFO] drilldown: Parsing page tables... found 0 tables
2026-05-22 20:51:28,952 [INFO] drilldown: Parsing Double-Packet table layouts...
2026-05-22 20:51:28,973 [INFO] drilldown:   ✓ GEM/2026/B/7480328 enriched | winner= | bidders=0
2026-05-22 20:51:29,974 [INFO] drilldown: [3/3] Drilling GEM/2026/B/7525406
2026-05-22 20:51:29,974 [INFO] drilldown: Drilling details for bid: GEM/2026/B/7525406
2026-05-22 20:51:29,974 [INFO] drilldown: Navigating to direct result URL: https://bidplus.gem.gov.in/bidding/bid/getBidResultView/9313286
2026-05-22 20:51:32,653 [INFO] drilldown: Parsing page tables... found 2 tables
2026-05-22 20:51:32,676 [INFO] drilldown: Parsing Double-Packet table layouts...
2026-05-22 20:51:32,754 [INFO] drilldown:   ✓ GEM/2026/B/7525406 enriched | winner=POOJA ENTERPRISES | bidders=3
2026-05-22 20:51:33,756 [INFO] pipeline: Drilldown Scraper phase finished.
2026-05-22 20:51:33,756 [INFO] pipeline: Closing browser...
2026-05-22 20:51:33,793 [INFO] pipeline: Starting Data Cleaning & Insight Generation phase...
2026-05-22 20:51:34,220 [INFO] pipeline: Data cleaning completed successfully.
2026-05-22 20:51:34,220 [INFO] pipeline: Pipeline execution complete.
2026-05-22 20:51:37,352 [INFO] pipeline: Initializing database...
2026-05-22 20:51:37,353 [INFO] db: Database initialized successfully.
2026-05-22 20:51:37,353 [INFO] pipeline: Launching browser (headless=True, slow_mo=150ms)...
2026-05-22 20:51:37,642 [INFO] pipeline: Currently stored bids in database: 33
2026-05-22 20:51:37,642 [INFO] pipeline: Starting Listing Scraper phase...
2026-05-22 20:51:37,642 [INFO] listing: Applying Awarded filter...
2026-05-22 20:51:42,283 [INFO] listing: Clicked #bidrastatus via JS
2026-05-22 20:51:44,301 [INFO] listing: Clicked #bid_awarded via JS
2026-05-22 20:51:49,304 [INFO] listing: Filter applied successfully.
2026-05-22 20:51:49,304 [INFO] listing: Scraping listing page 1 | collected=0
2026-05-22 20:51:49,449 [INFO] listing:   → 10 bids on page 1
2026-05-22 20:51:49,460 [INFO] listing: No next page found - listing phase complete.
2026-05-22 20:51:49,460 [INFO] listing: Listing scrape finished. Collected total of 10 bids.
2026-05-22 20:51:49,460 [INFO] pipeline: Listing Scraper phase finished. Scraped 10 bids on this run.
2026-05-22 20:51:49,460 [INFO] pipeline: Listing-only flag provided. Skipping drilldown phase.
2026-05-22 20:51:49,460 [INFO] pipeline: Closing browser...
2026-05-22 20:51:49,482 [INFO] pipeline: Starting Data Cleaning & Insight Generation phase...
2026-05-22 20:51:49,893 [INFO] pipeline: Data cleaning completed successfully.
2026-05-22 20:51:49,893 [INFO] pipeline: Pipeline execution complete.
2026-05-22 20:53:22,854 [INFO] pipeline: Initializing database...
2026-05-22 20:53:22,855 [INFO] db: Database initialized successfully.
2026-05-22 20:53:22,855 [INFO] pipeline: Launching browser (headless=True, slow_mo=150ms)...
2026-05-22 20:53:23,516 [INFO] pipeline: Currently stored bids in database: 33
2026-05-22 20:53:23,516 [INFO] pipeline: Starting Listing Scraper phase...
2026-05-22 20:53:23,516 [INFO] listing: Applying Awarded filter...
2026-05-22 20:53:28,149 [INFO] listing: Clicked #bidrastatus via JS
2026-05-22 20:53:30,159 [INFO] listing: Clicked #bid_awarded via JS
2026-05-22 20:53:35,163 [INFO] listing: Filter applied successfully.
2026-05-22 20:53:35,164 [INFO] listing: Scraping listing page 1 | collected=0
2026-05-22 20:53:35,284 [INFO] listing:   → 10 bids on page 1
2026-05-22 20:53:35,296 [INFO] listing: No next page found - listing phase complete.
2026-05-22 20:53:35,296 [INFO] listing: Listing scrape finished. Collected total of 10 bids.
2026-05-22 20:53:35,296 [INFO] pipeline: Listing Scraper phase finished. Scraped 10 bids on this run.
2026-05-22 20:53:35,296 [INFO] pipeline: Bids pending detailed extraction: 11
2026-05-22 20:53:35,296 [INFO] pipeline: Starting Drilldown Scraper phase for 11 bids...
2026-05-22 20:53:35,296 [INFO] drilldown: [1/11] Drilling GEM/2026/B/7383212
2026-05-22 20:53:35,296 [INFO] drilldown: Drilling details for bid: GEM/2026/B/7383212
2026-05-22 20:53:35,296 [INFO] drilldown: Navigating to direct result URL: https://bidplus.gem.gov.in/bidding/bid/getBidResultView/9153399
2026-05-22 20:53:37,961 [INFO] drilldown: Parsing page tables... found 1 tables
2026-05-22 20:53:37,972 [INFO] drilldown: Parsing Single-Packet table layout...
2026-05-22 20:53:38,086 [INFO] drilldown:   ✓ GEM/2026/B/7383212 enriched | winner= | bidders=9
2026-05-22 20:53:39,087 [INFO] drilldown: [2/11] Drilling GEM/2026/B/7560808
2026-05-22 20:53:39,087 [INFO] drilldown: Drilling details for bid: GEM/2026/B/7560808
2026-05-22 20:53:39,087 [INFO] drilldown: Navigating to direct result URL: https://bidplus.gem.gov.in/bidding/bid/getSinglePacketResultView/9352405
2026-05-22 20:53:41,972 [INFO] drilldown: Parsing page tables... found 1 tables
2026-05-22 20:53:41,987 [INFO] drilldown: Parsing Single-Packet table layout...
2026-05-22 20:53:42,011 [INFO] drilldown:   ✓ GEM/2026/B/7560808 enriched | winner=SHANTI INTERNATIONAL | bidders=1
2026-05-22 20:53:43,013 [INFO] drilldown: [3/11] Drilling GEM/2026/B/7532265
2026-05-22 20:53:43,013 [INFO] drilldown: Drilling details for bid: GEM/2026/B/7532265
2026-05-22 20:53:43,013 [INFO] drilldown: Navigating to direct result URL: https://bidplus.gem.gov.in/bidding/bid/getSinglePacketResultView/9320803
2026-05-22 20:53:45,789 [INFO] drilldown: Parsing page tables... found 1 tables
2026-05-22 20:53:45,798 [INFO] drilldown: Parsing Single-Packet table layout...
2026-05-22 20:53:45,841 [INFO] drilldown:   ✓ GEM/2026/B/7532265 enriched | winner=MAA BHAGWATI TRADERS | bidders=3
2026-05-22 20:53:46,843 [INFO] drilldown: [4/11] Drilling GEM/2026/B/7527337
2026-05-22 20:53:46,843 [INFO] drilldown: Drilling details for bid: GEM/2026/B/7527337
2026-05-22 20:53:46,843 [INFO] drilldown: Navigating to direct result URL: https://bidplus.gem.gov.in/bidding/bid/getBidResultView/9315451
2026-05-22 20:53:47,323 [WARNING] drilldown: Could not open via direct URL for GEM/2026/B/7527337: Page.goto: net::ERR_ABORTED at https://bidplus.gem.gov.in/bidding/bid/getBidResultView/9315451
Call log:
  - navigating to "https://bidplus.gem.gov.in/bidding/bid/getBidResultView/9315451", waiting until "domcontentloaded"

2026-05-22 20:53:47,324 [INFO] drilldown: Trying candidate URL: https://bidplus.gem.gov.in/bidding/bid/getBidResultView/GEM%2F2026%2FB%2F7527337
2026-05-22 20:53:47,532 [INFO] drilldown: Trying candidate URL: https://bidplus.gem.gov.in/bidding/bid/getSinglePacketResultView/GEM%2F2026%2FB%2F7527337
2026-05-22 20:53:47,747 [WARNING] drilldown: Could not load result page for GEM/2026/B/7527337
2026-05-22 20:53:48,751 [INFO] drilldown: [5/11] Drilling GEM/2026/B/7527288
2026-05-22 20:53:48,751 [INFO] drilldown: Drilling details for bid: GEM/2026/B/7527288
2026-05-22 20:53:48,751 [INFO] drilldown: Navigating to direct result URL: https://bidplus.gem.gov.in/bidding/bid/getBidResultView/9315399
2026-05-22 20:53:51,399 [INFO] drilldown: Parsing page tables... found 2 tables
2026-05-22 20:53:51,427 [INFO] drilldown: Parsing Double-Packet table layouts...
2026-05-22 20:53:51,500 [INFO] drilldown:   ✓ GEM/2026/B/7527288 enriched | winner=MAHAVIR MOTOR | bidders=3
2026-05-22 20:53:52,501 [INFO] drilldown: [6/11] Drilling GEM/2025/B/6840345
2026-05-22 20:53:52,501 [INFO] drilldown: Drilling details for bid: GEM/2025/B/6840345
2026-05-22 20:53:52,501 [INFO] drilldown: Navigating to direct result URL: https://bidplus.gem.gov.in/bidding/bid/getBidResultView/8530374
2026-05-22 20:53:52,937 [WARNING] drilldown: Could not open via direct URL for GEM/2025/B/6840345: Page.goto: net::ERR_ABORTED at https://bidplus.gem.gov.in/bidding/bid/getBidResultView/8530374
Call log:
  - navigating to "https://bidplus.gem.gov.in/bidding/bid/getBidResultView/8530374", waiting until "domcontentloaded"

2026-05-22 20:53:52,938 [INFO] drilldown: Trying candidate URL: https://bidplus.gem.gov.in/bidding/bid/getBidResultView/GEM%2F2025%2FB%2F6840345
2026-05-22 20:53:53,145 [INFO] drilldown: Trying candidate URL: https://bidplus.gem.gov.in/bidding/bid/getSinglePacketResultView/GEM%2F2025%2FB%2F6840345
2026-05-22 20:53:53,349 [WARNING] drilldown: Could not load result page for GEM/2025/B/6840345
2026-05-22 20:53:54,351 [INFO] drilldown: [7/11] Drilling GEM/2026/B/7558891
2026-05-22 20:53:54,351 [INFO] drilldown: Drilling details for bid: GEM/2026/B/7558891
2026-05-22 20:53:54,351 [INFO] drilldown: Navigating to direct result URL: https://bidplus.gem.gov.in/bidding/bid/getBidResultView/9350346
2026-05-22 20:53:57,025 [INFO] drilldown: Parsing page tables... found 0 tables
2026-05-22 20:53:57,026 [INFO] drilldown: Parsing Double-Packet table layouts...
2026-05-22 20:53:57,029 [INFO] drilldown:   ✓ GEM/2026/B/7558891 enriched | winner= | bidders=0
2026-05-22 20:53:58,030 [INFO] drilldown: [8/11] Drilling GEM/2026/B/7480328
2026-05-22 20:53:58,030 [INFO] drilldown: Drilling details for bid: GEM/2026/B/7480328
2026-05-22 20:53:58,030 [INFO] drilldown: Navigating to direct result URL: https://bidplus.gem.gov.in/bidding/bid/getSinglePacketResultView/9263102
2026-05-22 20:54:00,752 [ERROR] drilldown: Drilldown failed for GEM/2026/B/7480328: Page.query_selector_all: Execution context was destroyed, most likely because of a navigation
2026-05-22 20:54:01,755 [INFO] drilldown: [9/11] Drilling GEM/2026/B/7399330
2026-05-22 20:54:01,755 [INFO] drilldown: Drilling details for bid: GEM/2026/B/7399330
2026-05-22 20:54:01,755 [INFO] drilldown: Navigating to direct result URL: https://bidplus.gem.gov.in/bidding/bid/getBidResultView/9172154
2026-05-22 20:54:04,367 [INFO] drilldown: Parsing page tables... found 0 tables
2026-05-22 20:54:04,367 [INFO] drilldown: Parsing Double-Packet table layouts...
2026-05-22 20:54:04,370 [INFO] drilldown:   ✓ GEM/2026/B/7399330 enriched | winner= | bidders=0
2026-05-22 20:54:05,372 [INFO] drilldown: [10/11] Drilling GEM/2026/B/7529759
2026-05-22 20:54:05,372 [INFO] drilldown: Drilling details for bid: GEM/2026/B/7529759
2026-05-22 20:54:05,372 [INFO] drilldown: Navigating to direct result URL: https://bidplus.gem.gov.in/bidding/bid/getBidResultView/9318131
2026-05-22 20:54:08,023 [INFO] drilldown: Parsing page tables... found 2 tables
2026-05-22 20:54:08,043 [INFO] drilldown: Parsing Double-Packet table layouts...
2026-05-22 20:54:08,112 [INFO] drilldown:   ✓ GEM/2026/B/7529759 enriched | winner=VASU ENTERPRISE | bidders=3
2026-05-22 20:54:09,113 [INFO] drilldown: [11/11] Drilling GEM/2026/B/7525406
2026-05-22 20:54:09,113 [INFO] drilldown: Drilling details for bid: GEM/2026/B/7525406
2026-05-22 20:54:09,114 [INFO] drilldown: Navigating to direct result URL: https://bidplus.gem.gov.in/bidding/bid/getBidResultView/9313286
2026-05-22 20:54:11,695 [INFO] drilldown: Parsing page tables... found 2 tables
2026-05-22 20:54:11,714 [INFO] drilldown: Parsing Double-Packet table layouts...
2026-05-22 20:54:11,781 [INFO] drilldown:   ✓ GEM/2026/B/7525406 enriched | winner=POOJA ENTERPRISES | bidders=3
2026-05-22 20:54:12,783 [INFO] pipeline: Drilldown Scraper phase finished.
2026-05-22 20:54:12,783 [INFO] pipeline: Closing browser...
2026-05-22 20:54:12,826 [INFO] pipeline: Starting Data Cleaning & Insight Generation phase...
2026-05-22 20:54:13,233 [INFO] pipeline: Data cleaning completed successfully.
2026-05-22 20:54:13,233 [INFO] pipeline: Pipeline execution complete.
2026-05-22 21:30:26,198 [INFO] pipeline: Initializing database...
2026-05-22 21:30:26,198 [INFO] db: Database initialized successfully.
2026-05-22 21:30:26,198 [INFO] pipeline: Launching browser (headless=True, slow_mo=150ms)...
2026-05-22 21:30:26,924 [INFO] pipeline: Currently stored bids in database: 34
2026-05-22 21:30:26,924 [INFO] pipeline: Starting Listing Scraper phase...
2026-05-22 21:30:26,924 [INFO] listing: Applying Awarded filter...
2026-05-22 21:30:31,565 [INFO] listing: Clicked #bidrastatus via JS
2026-05-22 21:30:33,580 [INFO] listing: Clicked #bid_awarded via JS
2026-05-22 21:30:38,584 [INFO] listing: Filter applied successfully.
2026-05-22 21:30:38,584 [INFO] listing: Scraping listing page 1 | collected=0
2026-05-22 21:30:38,714 [INFO] listing:   → 10 bids on page 1
2026-05-22 21:30:38,728 [INFO] listing: No next page found - listing phase complete.
2026-05-22 21:30:38,728 [INFO] listing: Listing scrape finished. Collected total of 10 bids.
2026-05-22 21:30:38,728 [INFO] pipeline: Listing Scraper phase finished. Scraped 10 bids on this run.
2026-05-22 21:30:38,729 [INFO] pipeline: Bids pending detailed extraction: 10
2026-05-22 21:30:38,729 [INFO] pipeline: Starting Drilldown Scraper phase for 10 bids...
2026-05-22 21:30:38,729 [INFO] drilldown: [1/10] Drilling GEM/2026/B/7560808
2026-05-22 21:30:38,729 [INFO] drilldown: Drilling details for bid: GEM/2026/B/7560808
2026-05-22 21:30:38,729 [INFO] drilldown: Navigating to direct result URL: https://bidplus.gem.gov.in/bidding/bid/getSinglePacketResultView/9352405
2026-05-22 21:30:41,399 [INFO] drilldown: Parsing page tables... found 1 tables
2026-05-22 21:30:41,414 [INFO] drilldown: Parsing Single-Packet table layout...
2026-05-22 21:30:41,442 [INFO] drilldown:   ✓ GEM/2026/B/7560808 enriched | winner=SHANTI INTERNATIONAL | bidders=1
2026-05-22 21:30:42,444 [INFO] drilldown: [2/10] Drilling GEM/2026/B/7532265
2026-05-22 21:30:42,444 [INFO] drilldown: Drilling details for bid: GEM/2026/B/7532265
2026-05-22 21:30:42,444 [INFO] drilldown: Navigating to direct result URL: https://bidplus.gem.gov.in/bidding/bid/getSinglePacketResultView/9320803
2026-05-22 21:30:45,058 [INFO] drilldown: Parsing page tables... found 1 tables
2026-05-22 21:30:45,069 [INFO] drilldown: Parsing Single-Packet table layout...
2026-05-22 21:30:45,111 [INFO] drilldown:   ✓ GEM/2026/B/7532265 enriched | winner=MAA BHAGWATI TRADERS | bidders=3
2026-05-22 21:30:46,113 [INFO] drilldown: [3/10] Drilling GEM/2026/B/7527337
2026-05-22 21:30:46,113 [INFO] drilldown: Drilling details for bid: GEM/2026/B/7527337
2026-05-22 21:30:46,113 [INFO] drilldown: Navigating to direct result URL: https://bidplus.gem.gov.in/bidding/bid/getBidResultView/9315451
2026-05-22 21:30:46,600 [WARNING] drilldown: Could not open via direct URL for GEM/2026/B/7527337: Page.goto: net::ERR_ABORTED at https://bidplus.gem.gov.in/bidding/bid/getBidResultView/9315451
Call log:
  - navigating to "https://bidplus.gem.gov.in/bidding/bid/getBidResultView/9315451", waiting until "domcontentloaded"

2026-05-22 21:30:46,600 [INFO] drilldown: Trying candidate URL: https://bidplus.gem.gov.in/bidding/bid/getBidResultView/GEM%2F2026%2FB%2F7527337
2026-05-22 21:30:46,824 [INFO] drilldown: Trying candidate URL: https://bidplus.gem.gov.in/bidding/bid/getSinglePacketResultView/GEM%2F2026%2FB%2F7527337
2026-05-22 21:30:47,029 [WARNING] drilldown: Could not load result page for GEM/2026/B/7527337
2026-05-22 21:30:48,033 [INFO] drilldown: [4/10] Drilling GEM/2026/B/7527288
2026-05-22 21:30:48,033 [INFO] drilldown: Drilling details for bid: GEM/2026/B/7527288
2026-05-22 21:30:48,033 [INFO] drilldown: Navigating to direct result URL: https://bidplus.gem.gov.in/bidding/bid/getBidResultView/9315399
2026-05-22 21:30:50,758 [INFO] drilldown: Parsing page tables... found 0 tables
2026-05-22 21:30:50,758 [INFO] drilldown: Parsing Double-Packet table layouts...
2026-05-22 21:30:50,765 [INFO] drilldown:   ✓ GEM/2026/B/7527288 enriched | winner= | bidders=0
2026-05-22 21:30:51,766 [INFO] drilldown: [5/10] Drilling GEM/2025/B/6840345
2026-05-22 21:30:51,767 [INFO] drilldown: Drilling details for bid: GEM/2025/B/6840345
2026-05-22 21:30:51,767 [INFO] drilldown: Navigating to direct result URL: https://bidplus.gem.gov.in/bidding/bid/getBidResultView/8530374
2026-05-22 21:30:54,450 [INFO] drilldown: Parsing page tables... found 0 tables
2026-05-22 21:30:54,450 [INFO] drilldown: Parsing Double-Packet table layouts...
2026-05-22 21:30:54,455 [INFO] drilldown:   ✓ GEM/2025/B/6840345 enriched | winner= | bidders=0
2026-05-22 21:30:55,456 [INFO] drilldown: [6/10] Drilling GEM/2026/B/7558891
2026-05-22 21:30:55,457 [INFO] drilldown: Drilling details for bid: GEM/2026/B/7558891
2026-05-22 21:30:55,457 [INFO] drilldown: Navigating to direct result URL: https://bidplus.gem.gov.in/bidding/bid/getBidResultView/9350346
2026-05-22 21:30:58,095 [INFO] drilldown: Parsing page tables... found 2 tables
2026-05-22 21:30:58,112 [INFO] drilldown: Parsing Double-Packet table layouts...
2026-05-22 21:30:58,198 [INFO] drilldown:   ✓ GEM/2026/B/7558891 enriched | winner=G.U. ENTERPRISES | bidders=5
2026-05-22 21:30:59,200 [INFO] drilldown: [7/10] Drilling GEM/2026/B/7480328
2026-05-22 21:30:59,200 [INFO] drilldown: Drilling details for bid: GEM/2026/B/7480328
2026-05-22 21:30:59,200 [INFO] drilldown: Navigating to direct result URL: https://bidplus.gem.gov.in/bidding/bid/getSinglePacketResultView/9263102
2026-05-22 21:31:01,793 [INFO] drilldown: Parsing page tables... found 1 tables
2026-05-22 21:31:01,810 [INFO] drilldown: Parsing Single-Packet table layout...
2026-05-22 21:31:01,840 [INFO] drilldown:   ✓ GEM/2026/B/7480328 enriched | winner=GEMINI POWER HYDRAULICS PRIVATE LIMITED | bidders=1
2026-05-22 21:31:02,841 [INFO] drilldown: [8/10] Drilling GEM/2026/B/7399330
2026-05-22 21:31:02,841 [INFO] drilldown: Drilling details for bid: GEM/2026/B/7399330
2026-05-22 21:31:02,841 [INFO] drilldown: Navigating to direct result URL: https://bidplus.gem.gov.in/bidding/bid/getBidResultView/9172154
2026-05-22 21:31:05,453 [INFO] drilldown: Parsing page tables... found 1 tables
2026-05-22 21:31:05,471 [INFO] drilldown: Parsing Single-Packet table layout...
2026-05-22 21:31:05,509 [INFO] drilldown:   ✓ GEM/2026/B/7399330 enriched | winner= | bidders=2
2026-05-22 21:31:06,510 [INFO] drilldown: [9/10] Drilling GEM/2026/B/7529759
2026-05-22 21:31:06,510 [INFO] drilldown: Drilling details for bid: GEM/2026/B/7529759
2026-05-22 21:31:06,511 [INFO] drilldown: Navigating to direct result URL: https://bidplus.gem.gov.in/bidding/bid/getBidResultView/9318131
2026-05-22 21:31:09,144 [INFO] drilldown: Parsing page tables... found 0 tables
2026-05-22 21:31:09,144 [INFO] drilldown: Parsing Double-Packet table layouts...
2026-05-22 21:31:09,150 [INFO] drilldown:   ✓ GEM/2026/B/7529759 enriched | winner= | bidders=0
2026-05-22 21:31:10,151 [INFO] drilldown: [10/10] Drilling GEM/2026/B/7525406
2026-05-22 21:31:10,151 [INFO] drilldown: Drilling details for bid: GEM/2026/B/7525406
2026-05-22 21:31:10,151 [INFO] drilldown: Navigating to direct result URL: https://bidplus.gem.gov.in/bidding/bid/getBidResultView/9313286
2026-05-22 21:31:12,901 [ERROR] drilldown: Drilldown failed for GEM/2026/B/7525406: Page.query_selector_all: Execution context was destroyed, most likely because of a navigation
2026-05-22 21:31:13,903 [INFO] pipeline: Drilldown Scraper phase finished.
2026-05-22 21:31:13,904 [INFO] pipeline: Closing browser...
2026-05-22 21:31:13,952 [INFO] pipeline: Starting Data Cleaning & Insight Generation phase...
2026-05-22 21:31:14,781 [INFO] pipeline: Data cleaning completed successfully.
2026-05-22 21:31:14,781 [INFO] pipeline: Pipeline execution complete.
2026-05-22 21:31:24,531 [INFO] pipeline: Initializing database...
2026-05-22 21:31:24,531 [INFO] db: Database initialized successfully.
2026-05-22 21:31:24,531 [INFO] pipeline: Launching browser (headless=True, slow_mo=150ms)...
2026-05-22 21:31:24,847 [INFO] pipeline: Currently stored bids in database: 34
2026-05-22 21:31:24,847 [INFO] pipeline: Starting Listing Scraper phase...
2026-05-22 21:31:24,847 [INFO] listing: Applying Awarded filter...
2026-05-22 21:31:29,432 [INFO] listing: Clicked #bidrastatus via JS
2026-05-22 21:31:31,447 [INFO] listing: Clicked #bid_awarded via JS
2026-05-22 21:31:36,451 [INFO] listing: Filter applied successfully.
2026-05-22 21:31:36,452 [INFO] listing: Scraping listing page 1 | collected=0
2026-05-22 21:31:36,575 [INFO] listing:   → 10 bids on page 1
2026-05-22 21:31:36,586 [INFO] listing: No next page found - listing phase complete.
2026-05-22 21:31:36,587 [INFO] listing: Listing scrape finished. Collected total of 10 bids.
2026-05-22 21:31:36,587 [INFO] pipeline: Listing Scraper phase finished. Scraped 10 bids on this run.
2026-05-22 21:31:36,587 [INFO] pipeline: Listing-only flag provided. Skipping drilldown phase.
2026-05-22 21:31:36,587 [INFO] pipeline: Closing browser...
2026-05-22 21:31:36,608 [INFO] pipeline: Starting Data Cleaning & Insight Generation phase...
2026-05-22 21:31:37,008 [INFO] pipeline: Data cleaning completed successfully.
2026-05-22 21:31:37,008 [INFO] pipeline: Pipeline execution complete.
2026-05-22 21:31:44,965 [INFO] pipeline: Initializing database...
2026-05-22 21:31:44,965 [INFO] db: Database initialized successfully.
2026-05-22 21:31:44,965 [INFO] pipeline: Launching browser (headless=True, slow_mo=150ms)...
2026-05-22 21:31:45,283 [INFO] pipeline: Currently stored bids in database: 34
2026-05-22 21:31:45,283 [INFO] pipeline: Drilldown-only flag provided. Skipping listing phase.
2026-05-22 21:31:45,283 [INFO] pipeline: Listing phase skipped (sufficient bids in DB or explicitly skipped).
2026-05-22 21:31:45,283 [INFO] pipeline: Bids pending detailed extraction: 10
2026-05-22 21:31:45,283 [INFO] pipeline: Starting Drilldown Scraper phase for 10 bids...
2026-05-22 21:31:45,283 [INFO] drilldown: [1/10] Drilling GEM/2026/B/7560808
2026-05-22 21:31:45,283 [INFO] drilldown: Drilling details for bid: GEM/2026/B/7560808
2026-05-22 21:31:45,283 [INFO] drilldown: Navigating to direct result URL: https://bidplus.gem.gov.in/bidding/bid/getSinglePacketResultView/9352405
2026-05-22 21:31:48,655 [INFO] drilldown: Parsing page tables... found 1 tables
2026-05-22 21:31:48,668 [INFO] drilldown: Parsing Single-Packet table layout...
2026-05-22 21:31:48,696 [INFO] drilldown:   ✓ GEM/2026/B/7560808 enriched | winner=SHANTI INTERNATIONAL | bidders=1
2026-05-22 21:31:49,698 [INFO] drilldown: [2/10] Drilling GEM/2026/B/7532265
2026-05-22 21:31:49,698 [INFO] drilldown: Drilling details for bid: GEM/2026/B/7532265
2026-05-22 21:31:49,698 [INFO] drilldown: Navigating to direct result URL: https://bidplus.gem.gov.in/bidding/bid/getSinglePacketResultView/9320803
2026-05-22 21:31:52,359 [INFO] drilldown: Parsing page tables... found 1 tables
2026-05-22 21:31:52,373 [INFO] drilldown: Parsing Single-Packet table layout...
2026-05-22 21:31:52,431 [INFO] drilldown:   ✓ GEM/2026/B/7532265 enriched | winner=MAA BHAGWATI TRADERS | bidders=3
2026-05-22 21:31:53,431 [INFO] drilldown: [3/10] Drilling GEM/2026/B/7527337
2026-05-22 21:31:53,431 [INFO] drilldown: Drilling details for bid: GEM/2026/B/7527337
2026-05-22 21:31:53,431 [INFO] drilldown: Navigating to direct result URL: https://bidplus.gem.gov.in/bidding/bid/getBidResultView/9315451
2026-05-22 21:31:56,022 [INFO] drilldown: Parsing page tables... found 0 tables
2026-05-22 21:31:56,022 [INFO] drilldown: Parsing Double-Packet table layouts...
2026-05-22 21:31:56,025 [INFO] drilldown:   ✓ GEM/2026/B/7527337 enriched | winner= | bidders=0
2026-05-22 21:31:57,026 [INFO] drilldown: [4/10] Drilling GEM/2026/B/7527288
2026-05-22 21:31:57,026 [INFO] drilldown: Drilling details for bid: GEM/2026/B/7527288
2026-05-22 21:31:57,026 [INFO] drilldown: Navigating to direct result URL: https://bidplus.gem.gov.in/bidding/bid/getBidResultView/9315399
2026-05-22 21:31:59,715 [INFO] drilldown: Parsing page tables... found 2 tables
2026-05-22 21:31:59,741 [INFO] drilldown: Parsing Double-Packet table layouts...
2026-05-22 21:31:59,975 [INFO] drilldown:   ✓ GEM/2026/B/7527288 enriched | winner=MAHAVIR MOTOR | bidders=3
2026-05-22 21:32:00,978 [INFO] drilldown: [5/10] Drilling GEM/2025/B/6840345
2026-05-22 21:32:00,979 [INFO] drilldown: Drilling details for bid: GEM/2025/B/6840345
2026-05-22 21:32:00,979 [INFO] drilldown: Navigating to direct result URL: https://bidplus.gem.gov.in/bidding/bid/getBidResultView/8530374
2026-05-22 21:32:03,668 [INFO] drilldown: Parsing page tables... found 0 tables
2026-05-22 21:32:03,668 [INFO] drilldown: Parsing Double-Packet table layouts...
2026-05-22 21:32:03,673 [INFO] drilldown:   ✓ GEM/2025/B/6840345 enriched | winner= | bidders=0
2026-05-22 21:32:04,674 [INFO] drilldown: [6/10] Drilling GEM/2026/B/7558891
2026-05-22 21:32:04,675 [INFO] drilldown: Drilling details for bid: GEM/2026/B/7558891
2026-05-22 21:32:04,675 [INFO] drilldown: Navigating to direct result URL: https://bidplus.gem.gov.in/bidding/bid/getBidResultView/9350346
2026-05-22 21:32:07,394 [INFO] drilldown: Parsing page tables... found 2 tables
2026-05-22 21:32:07,422 [INFO] drilldown: Parsing Double-Packet table layouts...
2026-05-22 21:32:07,511 [INFO] drilldown:   ✓ GEM/2026/B/7558891 enriched | winner=G.U. ENTERPRISES | bidders=5
2026-05-22 21:32:08,512 [INFO] drilldown: [7/10] Drilling GEM/2026/B/7480328
2026-05-22 21:32:08,512 [INFO] drilldown: Drilling details for bid: GEM/2026/B/7480328
2026-05-22 21:32:08,512 [INFO] drilldown: Navigating to direct result URL: https://bidplus.gem.gov.in/bidding/bid/getSinglePacketResultView/9263102
2026-05-22 21:32:11,194 [INFO] drilldown: Parsing page tables... found 0 tables
2026-05-22 21:32:11,194 [INFO] drilldown: Parsing Double-Packet table layouts...
2026-05-22 21:32:11,199 [INFO] drilldown:   ✓ GEM/2026/B/7480328 enriched | winner= | bidders=0
2026-05-22 21:32:12,200 [INFO] drilldown: [8/10] Drilling GEM/2026/B/7399330
2026-05-22 21:32:12,200 [INFO] drilldown: Drilling details for bid: GEM/2026/B/7399330
2026-05-22 21:32:12,200 [INFO] drilldown: Navigating to direct result URL: https://bidplus.gem.gov.in/bidding/bid/getBidResultView/9172154
2026-05-22 21:32:14,869 [INFO] drilldown: Parsing page tables... found 0 tables
2026-05-22 21:32:14,869 [INFO] drilldown: Parsing Double-Packet table layouts...
2026-05-22 21:32:14,875 [INFO] drilldown:   ✓ GEM/2026/B/7399330 enriched | winner= | bidders=0
2026-05-22 21:32:15,876 [INFO] drilldown: [9/10] Drilling GEM/2026/B/7529759
2026-05-22 21:32:15,877 [INFO] drilldown: Drilling details for bid: GEM/2026/B/7529759
2026-05-22 21:32:15,878 [INFO] drilldown: Navigating to direct result URL: https://bidplus.gem.gov.in/bidding/bid/getBidResultView/9318131
2026-05-22 21:32:18,554 [INFO] drilldown: Parsing page tables... found 0 tables
2026-05-22 21:32:18,555 [INFO] drilldown: Parsing Double-Packet table layouts...
2026-05-22 21:32:18,560 [INFO] drilldown:   ✓ GEM/2026/B/7529759 enriched | winner= | bidders=0
2026-05-22 21:32:19,561 [INFO] drilldown: [10/10] Drilling GEM/2026/B/7525406
2026-05-22 21:32:19,561 [INFO] drilldown: Drilling details for bid: GEM/2026/B/7525406
2026-05-22 21:32:19,561 [INFO] drilldown: Navigating to direct result URL: https://bidplus.gem.gov.in/bidding/bid/getBidResultView/9313286
2026-05-22 21:32:22,649 [ERROR] drilldown: Drilldown failed for GEM/2026/B/7525406: Page.query_selector_all: Execution context was destroyed, most likely because of a navigation
2026-05-22 21:32:23,652 [INFO] pipeline: Drilldown Scraper phase finished.
2026-05-22 21:32:23,652 [INFO] pipeline: Closing browser...
2026-05-22 21:32:23,705 [INFO] pipeline: Starting Data Cleaning & Insight Generation phase...
2026-05-22 21:32:24,161 [INFO] pipeline: Data cleaning completed successfully.
2026-05-22 21:32:24,161 [INFO] pipeline: Pipeline execution complete.
2026-05-22 22:17:20,632 [INFO] pipeline: Initializing database...
2026-05-22 22:17:20,633 [INFO] db: Database initialized successfully.
2026-05-22 22:17:20,633 [INFO] pipeline: Launching browser (headless=True, slow_mo=150ms)...
2026-05-22 22:17:21,340 [INFO] pipeline: Currently stored bids in database: 34
2026-05-22 22:17:21,340 [INFO] pipeline: Starting Listing Scraper phase...
2026-05-22 22:17:21,340 [INFO] listing: Applying Awarded filter...
2026-05-22 22:17:26,068 [INFO] listing: Clicked #bidrastatus via JS
2026-05-22 22:17:28,074 [INFO] listing: Clicked #bid_awarded via JS
2026-05-22 22:17:33,078 [INFO] listing: Filter applied successfully.
2026-05-22 22:17:33,079 [INFO] listing: Scraping listing page 1 | collected=0
2026-05-22 22:17:33,202 [INFO] listing:   → 10 bids on page 1
2026-05-22 22:17:33,212 [INFO] listing: No next page found - listing phase complete.
2026-05-22 22:17:33,212 [INFO] listing: Listing scrape finished. Collected total of 10 bids.
2026-05-22 22:17:33,212 [INFO] pipeline: Listing Scraper phase finished. Scraped 10 bids on this run.
2026-05-22 22:17:33,213 [INFO] pipeline: Bids pending detailed extraction: 10
2026-05-22 22:17:33,213 [INFO] pipeline: Starting Drilldown Scraper phase for 10 bids...
2026-05-22 22:17:33,213 [INFO] drilldown: [1/10] Drilling GEM/2026/B/7497804
2026-05-22 22:17:33,213 [INFO] drilldown: Drilling details for bid: GEM/2026/B/7497804
2026-05-22 22:17:33,213 [INFO] drilldown: Navigating to direct result URL: https://bidplus.gem.gov.in/bidding/bid/getBidResultView/9282523
2026-05-22 22:17:36,130 [INFO] drilldown: Parsing page tables... found 1 tables
2026-05-22 22:17:36,141 [INFO] drilldown: Parsing Single-Packet table layout...
2026-05-22 22:17:36,221 [INFO] drilldown:   ✓ GEM/2026/B/7497804 enriched | winner= | bidders=6
2026-05-22 22:17:37,223 [INFO] drilldown: [2/10] Drilling GEM/2026/B/7489476
2026-05-22 22:17:37,223 [INFO] drilldown: Drilling details for bid: GEM/2026/B/7489476
2026-05-22 22:17:37,223 [INFO] drilldown: Navigating to direct result URL: https://bidplus.gem.gov.in/bidding/bid/getBidResultView/9273241
2026-05-22 22:17:39,896 [INFO] drilldown: Parsing page tables... found 1 tables
2026-05-22 22:17:39,907 [INFO] drilldown: Parsing Single-Packet table layout...
2026-05-22 22:17:39,986 [INFO] drilldown:   ✓ GEM/2026/B/7489476 enriched | winner= | bidders=6
2026-05-22 22:17:40,987 [INFO] drilldown: [3/10] Drilling GEM/2026/B/7560808
2026-05-22 22:17:40,987 [INFO] drilldown: Drilling details for bid: GEM/2026/B/7560808
2026-05-22 22:17:40,987 [INFO] drilldown: Navigating to direct result URL: https://bidplus.gem.gov.in/bidding/bid/getSinglePacketResultView/9352405
2026-05-22 22:17:41,430 [WARNING] drilldown: Could not open via direct URL for GEM/2026/B/7560808: Page.goto: net::ERR_ABORTED at https://bidplus.gem.gov.in/bidding/bid/getSinglePacketResultView/9352405
Call log:
  - navigating to "https://bidplus.gem.gov.in/bidding/bid/getSinglePacketResultView/9352405", waiting until "domcontentloaded"

2026-05-22 22:17:41,431 [INFO] drilldown: Trying candidate URL: https://bidplus.gem.gov.in/bidding/bid/getBidResultView/GEM%2F2026%2FB%2F7560808
2026-05-22 22:17:41,632 [INFO] drilldown: Trying candidate URL: https://bidplus.gem.gov.in/bidding/bid/getSinglePacketResultView/GEM%2F2026%2FB%2F7560808
2026-05-22 22:17:41,838 [WARNING] drilldown: Could not load result page for GEM/2026/B/7560808
2026-05-22 22:17:42,843 [INFO] drilldown: [4/10] Drilling GEM/2026/B/7527337
2026-05-22 22:17:42,843 [INFO] drilldown: Drilling details for bid: GEM/2026/B/7527337
2026-05-22 22:17:42,843 [INFO] drilldown: Navigating to direct result URL: https://bidplus.gem.gov.in/bidding/bid/getBidResultView/9315451
2026-05-22 22:17:45,564 [INFO] drilldown: Parsing page tables... found 2 tables
2026-05-22 22:17:45,582 [INFO] drilldown: Parsing Double-Packet table layouts...
2026-05-22 22:17:45,659 [INFO] drilldown:   ✓ GEM/2026/B/7527337 enriched | winner=APEX ENTERPRISES | bidders=3
2026-05-22 22:17:46,660 [INFO] drilldown: [5/10] Drilling GEM/2026/B/7527288
2026-05-22 22:17:46,661 [INFO] drilldown: Drilling details for bid: GEM/2026/B/7527288
2026-05-22 22:17:46,661 [INFO] drilldown: Navigating to direct result URL: https://bidplus.gem.gov.in/bidding/bid/getBidResultView/9315399
2026-05-22 22:17:49,278 [INFO] drilldown: Parsing page tables... found 2 tables
2026-05-22 22:17:49,300 [INFO] drilldown: Parsing Double-Packet table layouts...
2026-05-22 22:17:49,371 [INFO] drilldown:   ✓ GEM/2026/B/7527288 enriched | winner=MAHAVIR MOTOR | bidders=3
2026-05-22 22:17:50,373 [INFO] drilldown: [6/10] Drilling GEM/2026/B/7532265
2026-05-22 22:17:50,373 [INFO] drilldown: Drilling details for bid: GEM/2026/B/7532265
2026-05-22 22:17:50,373 [INFO] drilldown: Navigating to direct result URL: https://bidplus.gem.gov.in/bidding/bid/getSinglePacketResultView/9320803
2026-05-22 22:17:53,002 [INFO] drilldown: Parsing page tables... found 1 tables
2026-05-22 22:17:53,017 [INFO] drilldown: Parsing Single-Packet table layout...
2026-05-22 22:17:53,057 [INFO] drilldown:   ✓ GEM/2026/B/7532265 enriched | winner=MAA BHAGWATI TRADERS | bidders=3
2026-05-22 22:17:54,058 [INFO] drilldown: [7/10] Drilling GEM/2026/B/7489346
2026-05-22 22:17:54,058 [INFO] drilldown: Drilling details for bid: GEM/2026/B/7489346
2026-05-22 22:17:54,058 [INFO] drilldown: Navigating to direct result URL: https://bidplus.gem.gov.in/bidding/bid/getBidResultView/9273093
2026-05-22 22:17:56,735 [INFO] drilldown: Parsing page tables... found 1 tables
2026-05-22 22:17:56,746 [INFO] drilldown: Parsing Single-Packet table layout...
2026-05-22 22:17:56,823 [INFO] drilldown:   ✓ GEM/2026/B/7489346 enriched | winner= | bidders=6
2026-05-22 22:17:57,824 [INFO] drilldown: [8/10] Drilling GEM/2025/B/6840345
2026-05-22 22:17:57,824 [INFO] drilldown: Drilling details for bid: GEM/2025/B/6840345
2026-05-22 22:17:57,824 [INFO] drilldown: Navigating to direct result URL: https://bidplus.gem.gov.in/bidding/bid/getBidResultView/8530374
2026-05-22 22:18:00,446 [INFO] drilldown: Parsing page tables... found 0 tables
2026-05-22 22:18:00,446 [INFO] drilldown: Parsing Double-Packet table layouts...
2026-05-22 22:18:00,450 [INFO] drilldown:   ✓ GEM/2025/B/6840345 enriched | winner= | bidders=0
2026-05-22 22:18:01,451 [INFO] drilldown: [9/10] Drilling GEM/2026/B/7558891
2026-05-22 22:18:01,453 [INFO] drilldown: Drilling details for bid: GEM/2026/B/7558891
2026-05-22 22:18:01,453 [INFO] drilldown: Navigating to direct result URL: https://bidplus.gem.gov.in/bidding/bid/getBidResultView/9350346
2026-05-22 22:18:04,083 [INFO] drilldown: Parsing page tables... found 0 tables
2026-05-22 22:18:04,083 [INFO] drilldown: Parsing Double-Packet table layouts...
2026-05-22 22:18:04,087 [INFO] drilldown:   ✓ GEM/2026/B/7558891 enriched | winner= | bidders=0
2026-05-22 22:18:05,088 [INFO] drilldown: [10/10] Drilling GEM/2026/B/7480328
2026-05-22 22:18:05,089 [INFO] drilldown: Drilling details for bid: GEM/2026/B/7480328
2026-05-22 22:18:05,089 [INFO] drilldown: Navigating to direct result URL: https://bidplus.gem.gov.in/bidding/bid/getSinglePacketResultView/9263102
2026-05-22 22:18:07,817 [INFO] drilldown: Parsing page tables... found 1 tables
2026-05-22 22:18:07,832 [INFO] drilldown: Parsing Single-Packet table layout...
2026-05-22 22:18:07,855 [INFO] drilldown:   ✓ GEM/2026/B/7480328 enriched | winner=GEMINI POWER HYDRAULICS PRIVATE LIMITED | bidders=1
2026-05-22 22:18:08,856 [INFO] pipeline: Drilldown Scraper phase finished.
2026-05-22 22:18:08,856 [INFO] pipeline: Closing browser...
2026-05-22 22:18:08,918 [INFO] pipeline: Starting Data Cleaning & Insight Generation phase...
2026-05-22 22:18:09,870 [INFO] pipeline: Data cleaning completed successfully.
2026-05-22 22:18:09,870 [INFO] pipeline: Pipeline execution complete.
2026-05-22 22:20:04,533 [INFO] pipeline: Initializing database...
2026-05-22 22:20:04,533 [INFO] db: Database initialized successfully.
2026-05-22 22:20:04,533 [INFO] pipeline: Launching browser (headless=True, slow_mo=150ms)...
2026-05-22 22:20:05,287 [INFO] pipeline: Currently stored bids in database: 37
2026-05-22 22:20:05,287 [INFO] pipeline: Listing phase skipped (sufficient bids in DB or explicitly skipped).
2026-05-22 22:20:05,287 [INFO] pipeline: Bids pending detailed extraction: 1
2026-05-22 22:20:05,287 [INFO] pipeline: Starting Drilldown Scraper phase for 1 bids...
2026-05-22 22:20:05,287 [INFO] drilldown: [1/1] Drilling GEM/2026/B/7560808
2026-05-22 22:20:05,287 [INFO] drilldown: Drilling details for bid: GEM/2026/B/7560808
2026-05-22 22:20:05,287 [INFO] drilldown: Navigating to direct result URL: https://bidplus.gem.gov.in/bidding/bid/getSinglePacketResultView/9352405
2026-05-22 22:20:08,946 [INFO] drilldown: Parsing page tables... found 0 tables
2026-05-22 22:20:08,946 [INFO] drilldown: Parsing Double-Packet table layouts...
2026-05-22 22:20:08,953 [INFO] drilldown:   ✓ GEM/2026/B/7560808 enriched | winner= | bidders=0
2026-05-22 22:20:09,954 [INFO] pipeline: Drilldown Scraper phase finished.
2026-05-22 22:20:09,957 [INFO] pipeline: Closing browser...
2026-05-22 22:20:09,996 [INFO] pipeline: Starting Data Cleaning & Insight Generation phase...
2026-05-22 22:20:10,503 [INFO] pipeline: Data cleaning completed successfully.
2026-05-22 22:20:10,503 [INFO] pipeline: Pipeline execution complete.
2026-05-22 22:21:57,263 [INFO] pipeline: Initializing database...
2026-05-22 22:21:57,264 [INFO] db: Database initialized successfully.
2026-05-22 22:21:57,264 [INFO] pipeline: Launching browser (headless=True, slow_mo=150ms)...
2026-05-22 22:21:57,959 [INFO] pipeline: Currently stored bids in database: 37
2026-05-22 22:21:57,959 [INFO] pipeline: Starting Listing Scraper phase...
2026-05-22 22:21:57,959 [INFO] listing: Applying Awarded filter...
2026-05-22 22:22:02,614 [INFO] listing: Unchecked Ongoing via JS selector=input[id*='ongoing']
2026-05-22 22:22:02,619 [INFO] listing: Clicked Bid/RA Status via JS selector=#bidrastatus
2026-05-22 22:22:04,630 [INFO] listing: Clicked Awarded via JS selector=#bid_awarded
2026-05-22 22:22:09,632 [INFO] listing: Filter applied successfully.
2026-05-22 22:22:09,633 [INFO] listing: Scraping listing page 1 | collected=0
2026-05-22 22:22:09,777 [INFO] listing:   → 10 bids on page 1
2026-05-22 22:22:11,663 [INFO] listing: Scraping listing page 2 | collected=10
2026-05-22 22:22:11,789 [INFO] listing:   → 10 bids on page 2
2026-05-22 22:22:13,642 [INFO] listing: Scraping listing page 3 | collected=20
2026-05-22 22:22:13,768 [INFO] listing:   → 10 bids on page 3
2026-05-22 22:22:13,773 [INFO] listing: Listing scrape finished. Collected total of 30 bids.
2026-05-22 22:22:13,773 [INFO] pipeline: Listing Scraper phase finished. Scraped 30 bids on this run.
2026-05-22 22:22:13,773 [INFO] pipeline: Bids pending detailed extraction: 30
2026-05-22 22:22:13,773 [INFO] pipeline: Starting Drilldown Scraper phase for 30 bids...
2026-05-22 22:22:13,773 [INFO] drilldown: [1/30] Drilling GEM/2026/B/7497804
2026-05-22 22:22:13,773 [INFO] drilldown: Drilling details for bid: GEM/2026/B/7497804
2026-05-22 22:22:13,773 [INFO] drilldown: Navigating to direct result URL: https://bidplus.gem.gov.in/bidding/bid/getBidResultView/9282523
2026-05-22 22:22:16,458 [INFO] drilldown: Parsing page tables... found 0 tables
2026-05-22 22:22:16,459 [INFO] drilldown: Parsing Double-Packet table layouts...
2026-05-22 22:22:16,463 [INFO] drilldown:   ✓ GEM/2026/B/7497804 enriched | winner= | bidders=0
2026-05-22 22:22:17,464 [INFO] drilldown: [2/30] Drilling GEM/2026/B/7489476
2026-05-22 22:22:17,464 [INFO] drilldown: Drilling details for bid: GEM/2026/B/7489476
2026-05-22 22:22:17,464 [INFO] drilldown: Navigating to direct result URL: https://bidplus.gem.gov.in/bidding/bid/getBidResultView/9273241
2026-05-22 22:22:20,355 [INFO] drilldown: Parsing page tables... found 0 tables
2026-05-22 22:22:20,355 [INFO] drilldown: Parsing Double-Packet table layouts...
2026-05-22 22:22:20,359 [INFO] drilldown:   ✓ GEM/2026/B/7489476 enriched | winner= | bidders=0
2026-05-22 22:22:21,360 [INFO] drilldown: [3/30] Drilling GEM/2026/B/7560808
2026-05-22 22:22:21,360 [INFO] drilldown: Drilling details for bid: GEM/2026/B/7560808
2026-05-22 22:22:21,360 [INFO] drilldown: Navigating to direct result URL: https://bidplus.gem.gov.in/bidding/bid/getSinglePacketResultView/9352405
2026-05-22 22:22:24,021 [INFO] drilldown: Parsing page tables... found 0 tables
2026-05-22 22:22:24,021 [INFO] drilldown: Parsing Double-Packet table layouts...
2026-05-22 22:22:24,026 [INFO] drilldown:   ✓ GEM/2026/B/7560808 enriched | winner= | bidders=0
2026-05-22 22:22:25,027 [INFO] drilldown: [4/30] Drilling GEM/2026/B/7527337
2026-05-22 22:22:25,027 [INFO] drilldown: Drilling details for bid: GEM/2026/B/7527337
2026-05-22 22:22:25,027 [INFO] drilldown: Navigating to direct result URL: https://bidplus.gem.gov.in/bidding/bid/getBidResultView/9315451
2026-05-22 22:22:27,678 [INFO] drilldown: Parsing page tables... found 2 tables
2026-05-22 22:22:27,696 [INFO] drilldown: Parsing Double-Packet table layouts...
2026-05-22 22:22:27,773 [INFO] drilldown:   ✓ GEM/2026/B/7527337 enriched | winner=APEX ENTERPRISES | bidders=3
2026-05-22 22:22:28,774 [INFO] drilldown: [5/30] Drilling GEM/2026/B/7527288
2026-05-22 22:22:28,774 [INFO] drilldown: Drilling details for bid: GEM/2026/B/7527288
2026-05-22 22:22:28,775 [INFO] drilldown: Navigating to direct result URL: https://bidplus.gem.gov.in/bidding/bid/getBidResultView/9315399
2026-05-22 22:22:31,384 [INFO] drilldown: Parsing page tables... found 2 tables
2026-05-22 22:22:31,404 [INFO] drilldown: Parsing Double-Packet table layouts...
2026-05-22 22:22:31,489 [INFO] drilldown:   ✓ GEM/2026/B/7527288 enriched | winner=MAHAVIR MOTOR | bidders=3
2026-05-22 22:22:32,490 [INFO] drilldown: [6/30] Drilling GEM/2026/B/7532265
2026-05-22 22:22:32,490 [INFO] drilldown: Drilling details for bid: GEM/2026/B/7532265
2026-05-22 22:22:32,490 [INFO] drilldown: Navigating to direct result URL: https://bidplus.gem.gov.in/bidding/bid/getSinglePacketResultView/9320803
2026-05-22 22:22:35,075 [INFO] drilldown: Parsing page tables... found 1 tables
2026-05-22 22:22:35,091 [INFO] drilldown: Parsing Single-Packet table layout...
2026-05-22 22:22:35,168 [INFO] drilldown:   ✓ GEM/2026/B/7532265 enriched | winner=MAA BHAGWATI TRADERS | bidders=3
2026-05-22 22:22:36,169 [INFO] drilldown: [7/30] Drilling GEM/2026/B/7489346
2026-05-22 22:22:36,170 [INFO] drilldown: Drilling details for bid: GEM/2026/B/7489346
2026-05-22 22:22:36,170 [INFO] drilldown: Navigating to direct result URL: https://bidplus.gem.gov.in/bidding/bid/getBidResultView/9273093
2026-05-22 22:22:36,618 [WARNING] drilldown: Could not open via direct URL for GEM/2026/B/7489346: Page.goto: net::ERR_ABORTED at https://bidplus.gem.gov.in/bidding/bid/getBidResultView/9273093
Call log:
  - navigating to "https://bidplus.gem.gov.in/bidding/bid/getBidResultView/9273093", waiting until "domcontentloaded"

2026-05-22 22:22:36,618 [INFO] drilldown: Trying candidate URL: https://bidplus.gem.gov.in/bidding/bid/getBidResultView/GEM%2F2026%2FB%2F7489346
2026-05-22 22:22:36,821 [INFO] drilldown: Trying candidate URL: https://bidplus.gem.gov.in/bidding/bid/getSinglePacketResultView/GEM%2F2026%2FB%2F7489346
2026-05-22 22:22:37,021 [WARNING] drilldown: Could not load result page for GEM/2026/B/7489346
2026-05-22 22:22:38,027 [INFO] drilldown: [8/30] Drilling GEM/2025/B/6840345
2026-05-22 22:22:38,028 [INFO] drilldown: Drilling details for bid: GEM/2025/B/6840345
2026-05-22 22:22:38,028 [INFO] drilldown: Navigating to direct result URL: https://bidplus.gem.gov.in/bidding/bid/getBidResultView/8530374
2026-05-22 22:22:40,693 [INFO] drilldown: Parsing page tables... found 1 tables
2026-05-22 22:22:40,711 [INFO] drilldown: Parsing Single-Packet table layout...
2026-05-22 22:22:40,869 [INFO] drilldown:   ✓ GEM/2025/B/6840345 enriched | winner= | bidders=13
2026-05-22 22:22:41,871 [INFO] drilldown: [9/30] Drilling GEM/2026/B/7558891
2026-05-22 22:22:41,871 [INFO] drilldown: Drilling details for bid: GEM/2026/B/7558891
2026-05-22 22:22:41,871 [INFO] drilldown: Navigating to direct result URL: https://bidplus.gem.gov.in/bidding/bid/getBidResultView/9350346
2026-05-22 22:22:44,462 [INFO] drilldown: Parsing page tables... found 0 tables
2026-05-22 22:22:44,462 [INFO] drilldown: Parsing Double-Packet table layouts...
2026-05-22 22:22:44,466 [INFO] drilldown:   ✓ GEM/2026/B/7558891 enriched | winner= | bidders=0
2026-05-22 22:22:45,468 [INFO] drilldown: [10/30] Drilling GEM/2026/B/7480328
2026-05-22 22:22:45,468 [INFO] drilldown: Drilling details for bid: GEM/2026/B/7480328
2026-05-22 22:22:45,468 [INFO] drilldown: Navigating to direct result URL: https://bidplus.gem.gov.in/bidding/bid/getSinglePacketResultView/9263102
2026-05-22 22:22:48,099 [INFO] drilldown: Parsing page tables... found 1 tables
2026-05-22 22:22:48,116 [INFO] drilldown: Parsing Single-Packet table layout...
2026-05-22 22:22:48,144 [INFO] drilldown:   ✓ GEM/2026/B/7480328 enriched | winner=GEMINI POWER HYDRAULICS PRIVATE LIMITED | bidders=1
2026-05-22 22:22:49,145 [INFO] drilldown: [11/30] Drilling GEM/2026/B/7399330
2026-05-22 22:22:49,145 [INFO] drilldown: Drilling details for bid: GEM/2026/B/7399330
2026-05-22 22:22:49,145 [INFO] drilldown: Navigating to direct result URL: https://bidplus.gem.gov.in/bidding/bid/getBidResultView/9172154
2026-05-22 22:22:51,716 [INFO] drilldown: Parsing page tables... found 1 tables
2026-05-22 22:22:51,735 [INFO] drilldown: Parsing Single-Packet table layout...
2026-05-22 22:22:51,786 [INFO] drilldown:   ✓ GEM/2026/B/7399330 enriched | winner= | bidders=2
2026-05-22 22:22:52,788 [INFO] drilldown: [12/30] Drilling GEM/2026/B/7529759
2026-05-22 22:22:52,884 [INFO] drilldown: Drilling details for bid: GEM/2026/B/7529759
2026-05-22 22:22:52,888 [INFO] drilldown: Navigating to direct result URL: https://bidplus.gem.gov.in/bidding/bid/getBidResultView/9318131
2026-05-22 22:22:55,544 [ERROR] drilldown: Drilldown failed for GEM/2026/B/7529759: Page.query_selector_all: Execution context was destroyed, most likely because of a navigation
2026-05-22 22:22:56,547 [INFO] drilldown: [13/30] Drilling GEM/2026/B/7525406
2026-05-22 22:22:56,547 [INFO] drilldown: Drilling details for bid: GEM/2026/B/7525406
2026-05-22 22:22:56,547 [INFO] drilldown: Navigating to direct result URL: https://bidplus.gem.gov.in/bidding/bid/getBidResultView/9313286
2026-05-22 22:22:59,293 [INFO] drilldown: Parsing page tables... found 0 tables
2026-05-22 22:22:59,293 [INFO] drilldown: Parsing Double-Packet table layouts...
2026-05-22 22:22:59,297 [INFO] drilldown:   ✓ GEM/2026/B/7525406 enriched | winner= | bidders=0
2026-05-22 22:23:00,299 [INFO] drilldown: [14/30] Drilling GEM/2026/B/7383212
2026-05-22 22:23:00,299 [INFO] drilldown: Drilling details for bid: GEM/2026/B/7383212
2026-05-22 22:23:00,299 [INFO] drilldown: Navigating to direct result URL: https://bidplus.gem.gov.in/bidding/bid/getBidResultView/9153399
2026-05-22 22:23:02,968 [INFO] drilldown: Parsing page tables... found 1 tables
2026-05-22 22:23:02,988 [INFO] drilldown: Parsing Single-Packet table layout...
2026-05-22 22:23:03,109 [INFO] drilldown:   ✓ GEM/2026/B/7383212 enriched | winner= | bidders=9
2026-05-22 22:23:04,111 [INFO] drilldown: [15/30] Drilling GEM/2026/B/7557312
2026-05-22 22:23:04,112 [INFO] drilldown: Drilling details for bid: GEM/2026/B/7557312
2026-05-22 22:23:04,112 [INFO] drilldown: Navigating to direct result URL: https://bidplus.gem.gov.in/bidding/bid/getSinglePacketResultView/9348604
2026-05-22 22:23:06,766 [INFO] drilldown: Parsing page tables... found 0 tables
2026-05-22 22:23:06,766 [INFO] drilldown: Parsing Double-Packet table layouts...
2026-05-22 22:23:06,770 [INFO] drilldown:   ✓ GEM/2026/B/7557312 enriched | winner= | bidders=0
2026-05-22 22:23:07,771 [INFO] drilldown: [16/30] Drilling GEM/2026/B/7529546
2026-05-22 22:23:07,772 [INFO] drilldown: Drilling details for bid: GEM/2026/B/7529546
2026-05-22 22:23:07,772 [INFO] drilldown: Navigating to direct result URL: https://bidplus.gem.gov.in/bidding/bid/getBidResultView/9317898
2026-05-22 22:23:10,420 [INFO] drilldown: Parsing page tables... found 0 tables
2026-05-22 22:23:10,420 [INFO] drilldown: Parsing Double-Packet table layouts...
2026-05-22 22:23:10,424 [INFO] drilldown:   ✓ GEM/2026/B/7529546 enriched | winner= | bidders=0
2026-05-22 22:23:11,425 [INFO] drilldown: [17/30] Drilling GEM/2026/B/7529503
2026-05-22 22:23:11,425 [INFO] drilldown: Drilling details for bid: GEM/2026/B/7529503
2026-05-22 22:23:11,425 [INFO] drilldown: Navigating to direct result URL: https://bidplus.gem.gov.in/bidding/bid/getBidResultView/9317851
2026-05-22 22:23:14,060 [INFO] drilldown: Parsing page tables... found 2 tables
2026-05-22 22:23:14,077 [INFO] drilldown: Parsing Double-Packet table layouts...
2026-05-22 22:23:14,152 [INFO] drilldown:   ✓ GEM/2026/B/7529503 enriched | winner=SWATI ENTERPRISE | bidders=3
2026-05-22 22:23:15,153 [INFO] drilldown: [18/30] Drilling GEM/2026/B/7529468
2026-05-22 22:23:15,153 [INFO] drilldown: Drilling details for bid: GEM/2026/B/7529468
2026-05-22 22:23:15,153 [INFO] drilldown: Navigating to direct result URL: https://bidplus.gem.gov.in/bidding/bid/getSinglePacketResultView/9317813
2026-05-22 22:23:18,071 [INFO] drilldown: Parsing page tables... found 1 tables
2026-05-22 22:23:18,082 [INFO] drilldown: Parsing Single-Packet table layout...
2026-05-22 22:23:18,127 [INFO] drilldown:   ✓ GEM/2026/B/7529468 enriched | winner=ANSH TRADERS | bidders=3
2026-05-22 22:23:19,128 [INFO] drilldown: [19/30] Drilling GEM/2026/B/7528194
2026-05-22 22:23:19,128 [INFO] drilldown: Drilling details for bid: GEM/2026/B/7528194
2026-05-22 22:23:19,128 [INFO] drilldown: Navigating to direct result URL: https://bidplus.gem.gov.in/bidding/bid/getSinglePacketResultView/9316425
2026-05-22 22:23:19,602 [WARNING] drilldown: Could not open via direct URL for GEM/2026/B/7528194: Page.goto: net::ERR_ABORTED at https://bidplus.gem.gov.in/bidding/bid/getSinglePacketResultView/9316425
Call log:
  - navigating to "https://bidplus.gem.gov.in/bidding/bid/getSinglePacketResultView/9316425", waiting until "domcontentloaded"

2026-05-22 22:23:19,602 [INFO] drilldown: Trying candidate URL: https://bidplus.gem.gov.in/bidding/bid/getBidResultView/GEM%2F2026%2FB%2F7528194
2026-05-22 22:23:19,804 [INFO] drilldown: Trying candidate URL: https://bidplus.gem.gov.in/bidding/bid/getSinglePacketResultView/GEM%2F2026%2FB%2F7528194
2026-05-22 22:23:20,005 [WARNING] drilldown: Could not load result page for GEM/2026/B/7528194
2026-05-22 22:23:21,009 [INFO] drilldown: [20/30] Drilling GEM/2026/B/7382284
2026-05-22 22:23:21,010 [INFO] drilldown: Drilling details for bid: GEM/2026/B/7382284
2026-05-22 22:23:21,010 [INFO] drilldown: Navigating to direct result URL: https://bidplus.gem.gov.in/bidding/bid/getBidResultView/9152205
2026-05-22 22:23:23,812 [INFO] drilldown: Parsing page tables... found 1 tables
2026-05-22 22:23:23,821 [INFO] drilldown: Parsing Single-Packet table layout...
2026-05-22 22:23:24,071 [INFO] drilldown:   ✓ GEM/2026/B/7382284 enriched | winner= | bidders=27
2026-05-22 22:23:25,072 [INFO] drilldown: [21/30] Drilling GEM/2026/B/7484220
2026-05-22 22:23:25,072 [INFO] drilldown: Drilling details for bid: GEM/2026/B/7484220
2026-05-22 22:23:25,072 [INFO] drilldown: Navigating to direct result URL: https://bidplus.gem.gov.in/bidding/bid/getBidResultView/9267427
2026-05-22 22:23:27,703 [INFO] drilldown: Parsing page tables... found 1 tables
2026-05-22 22:23:27,714 [INFO] drilldown: Parsing Single-Packet table layout...
2026-05-22 22:23:27,879 [INFO] drilldown:   ✓ GEM/2026/B/7484220 enriched | winner= | bidders=16
2026-05-22 22:23:28,886 [INFO] drilldown: [22/30] Drilling GEM/2026/B/7529287
2026-05-22 22:23:28,886 [INFO] drilldown: Drilling details for bid: GEM/2026/B/7529287
2026-05-22 22:23:28,886 [INFO] drilldown: Navigating to direct result URL: https://bidplus.gem.gov.in/bidding/bid/getBidResultView/9317617
2026-05-22 22:23:31,510 [INFO] drilldown: Parsing page tables... found 0 tables
2026-05-22 22:23:31,511 [INFO] drilldown: Parsing Double-Packet table layouts...
2026-05-22 22:23:31,516 [INFO] drilldown:   ✓ GEM/2026/B/7529287 enriched | winner= | bidders=0
2026-05-22 22:23:32,517 [INFO] drilldown: [23/30] Drilling GEM/2026/B/7529136
2026-05-22 22:23:32,517 [INFO] drilldown: Drilling details for bid: GEM/2026/B/7529136
2026-05-22 22:23:32,517 [INFO] drilldown: Navigating to direct result URL: https://bidplus.gem.gov.in/bidding/bid/getBidResultView/9317451
2026-05-22 22:23:35,382 [ERROR] drilldown: Drilldown failed for GEM/2026/B/7529136: Page.query_selector_all: Execution context was destroyed, most likely because of a navigation
2026-05-22 22:23:36,384 [INFO] drilldown: [24/30] Drilling GEM/2026/B/7529128
2026-05-22 22:23:36,384 [INFO] drilldown: Drilling details for bid: GEM/2026/B/7529128
2026-05-22 22:23:36,385 [INFO] drilldown: Navigating to direct result URL: https://bidplus.gem.gov.in/bidding/bid/getBidResultView/9317442
2026-05-22 22:23:39,035 [INFO] drilldown: Parsing page tables... found 2 tables
2026-05-22 22:23:39,059 [INFO] drilldown: Parsing Double-Packet table layouts...
2026-05-22 22:23:39,134 [INFO] drilldown:   ✓ GEM/2026/B/7529128 enriched | winner=MAA DURGA AGROTECH | bidders=3
2026-05-22 22:23:40,135 [INFO] drilldown: [25/30] Drilling GEM/2026/B/7524690
2026-05-22 22:23:40,137 [INFO] drilldown: Drilling details for bid: GEM/2026/B/7524690
2026-05-22 22:23:40,138 [INFO] drilldown: Navigating to direct result URL: https://bidplus.gem.gov.in/bidding/bid/getSinglePacketResultView/9312444
2026-05-22 22:23:42,881 [INFO] drilldown: Parsing page tables... found 0 tables
2026-05-22 22:23:42,881 [INFO] drilldown: Parsing Double-Packet table layouts...
2026-05-22 22:23:42,885 [INFO] drilldown:   ✓ GEM/2026/B/7524690 enriched | winner= | bidders=0
2026-05-22 22:23:43,886 [INFO] drilldown: [26/30] Drilling GEM/2026/B/7557970
2026-05-22 22:23:43,886 [INFO] drilldown: Drilling details for bid: GEM/2026/B/7557970
2026-05-22 22:23:43,886 [INFO] drilldown: Navigating to direct result URL: https://bidplus.gem.gov.in/bidding/bid/getBidResultView/9349340
2026-05-22 22:23:46,647 [ERROR] drilldown: Drilldown failed for GEM/2026/B/7557970: Page.query_selector_all: Execution context was destroyed, most likely because of a navigation
2026-05-22 22:23:47,650 [INFO] drilldown: [27/30] Drilling GEM/2026/B/7544333
2026-05-22 22:23:47,651 [INFO] drilldown: Drilling details for bid: GEM/2026/B/7544333
2026-05-22 22:23:47,651 [INFO] drilldown: Navigating to direct result URL: https://bidplus.gem.gov.in/bidding/bid/getBidResultView/9333995
2026-05-22 22:23:51,393 [ERROR] drilldown: Drilldown failed for GEM/2026/B/7544333: Page.query_selector_all: Execution context was destroyed, most likely because of a navigation
2026-05-22 22:23:52,398 [INFO] drilldown: [28/30] Drilling GEM/2026/B/7419591
2026-05-22 22:23:52,398 [INFO] drilldown: Drilling details for bid: GEM/2026/B/7419591
2026-05-22 22:23:52,398 [INFO] drilldown: Navigating to direct result URL: https://bidplus.gem.gov.in/bidding/bid/getBidResultView/9195499
2026-05-22 22:23:55,054 [INFO] drilldown: Parsing page tables... found 1 tables
2026-05-22 22:23:55,070 [INFO] drilldown: Parsing Single-Packet table layout...
2026-05-22 22:23:55,170 [INFO] drilldown:   ✓ GEM/2026/B/7419591 enriched | winner= | bidders=9
2026-05-22 22:23:56,171 [INFO] drilldown: [29/30] Drilling GEM/2026/B/7528899
2026-05-22 22:23:56,171 [INFO] drilldown: Drilling details for bid: GEM/2026/B/7528899
2026-05-22 22:23:56,172 [INFO] drilldown: Navigating to direct result URL: https://bidplus.gem.gov.in/bidding/bid/getBidResultView/9317193
2026-05-22 22:23:59,389 [ERROR] drilldown: Drilldown failed for GEM/2026/B/7528899: Page.query_selector_all: Execution context was destroyed, most likely because of a navigation
2026-05-22 22:24:00,393 [INFO] drilldown: [30/30] Drilling GEM/2026/B/7524364
2026-05-22 22:24:00,393 [INFO] drilldown: Drilling details for bid: GEM/2026/B/7524364
2026-05-22 22:24:00,393 [INFO] drilldown: Navigating to direct result URL: https://bidplus.gem.gov.in/bidding/bid/getSinglePacketResultView/9312081
2026-05-22 22:24:03,038 [INFO] drilldown: Parsing page tables... found 1 tables
2026-05-22 22:24:03,055 [INFO] drilldown: Parsing Single-Packet table layout...
2026-05-22 22:24:03,097 [INFO] drilldown:   ✓ GEM/2026/B/7524364 enriched | winner=ARCHIT ENTERPRISES | bidders=3
2026-05-22 22:24:04,098 [INFO] pipeline: Drilldown Scraper phase finished.
2026-05-22 22:24:04,099 [INFO] pipeline: Closing browser...
2026-05-22 22:24:04,137 [INFO] pipeline: Starting Data Cleaning & Insight Generation phase...
2026-05-22 22:24:04,571 [INFO] pipeline: Data cleaning completed successfully.
2026-05-22 22:24:04,571 [INFO] pipeline: Pipeline execution complete.
